condition,scenario,method,replicas,auc_mean,auc_sd,hit_at_k,alarm_rule,alarm_rate,fwer,fwer_count,fwer_lo,fwer_hi,power
"base (Poisson, taxa constante)",S0,silence-z-2pois-midp,100,,,,−Z > z(1−α/N),0.0001,0.0300,3,0.0103,0.0845,
"base (Poisson, taxa constante)",S0,burst-z-2pois-midp,100,,,,Z > z(1−α/N),0.0001,0.0500,5,0.0215,0.1118,
"base (Poisson, taxa constante)",S0,silence-z-2pois-midp-qhat,100,,,,−Z > z(1−α/N),0.0001,0.0300,3,0.0103,0.0845,
"base (Poisson, taxa constante)",S0,burst-z-2pois-midp-qhat,100,,,,Z > z(1−α/N),0.0001,0.0500,5,0.0215,0.1118,
"base (Poisson, taxa constante)",S0,silence-z-2pois-midp-phi,100,,,,−Z > z(1−α/N),0.0001,0.0300,3,0.0103,0.0845,
"base (Poisson, taxa constante)",S0,burst-z-2pois-midp-phi,100,,,,Z > z(1−α/N),0.0001,0.0500,5,0.0215,0.1118,
"base (Poisson, taxa constante)",S0,silence-z-2pois-midp-phibands,100,,,,−Z > z(1−α/N),0.0001,0.0300,3,0.0103,0.0845,
"base (Poisson, taxa constante)",S0,burst-z-2pois-midp-phibands,100,,,,Z > z(1−α/N),0.0001,0.0500,5,0.0215,0.1118,
"base (Poisson, taxa constante)",S0,silence-z-2pois-midp-qhat-phi,100,,,,−Z > z(1−α/N),0.0001,0.0300,3,0.0103,0.0845,
"base (Poisson, taxa constante)",S0,burst-z-2pois-midp-qhat-phi,100,,,,Z > z(1−α/N),0.0001,0.0500,5,0.0215,0.1118,
"base (Poisson, taxa constante)",S0,silence-z-2pois-midp-qhat-phibands,100,,,,−Z > z(1−α/N),0.0001,0.0300,3,0.0103,0.0845,
"base (Poisson, taxa constante)",S0,burst-z-2pois-midp-qhat-phibands,100,,,,Z > z(1−α/N),0.0001,0.0500,5,0.0215,0.1118,
"base (Poisson, taxa constante)",S1,silence-z-2pois-midp,100,1.0000,0.0000,1.0000,−Z > z(1−α/N),0.0028,1.0000,100,0.9630,1.0000,1.0000
"base (Poisson, taxa constante)",S1,burst-z-2pois-midp,100,0.0000,0.0000,0.0000,Z > z(1−α/N),0.0001,0.0400,4,0.0157,0.0984,0.0000
"base (Poisson, taxa constante)",S1,silence-z-2pois-midp-qhat,100,1.0000,0.0000,1.0000,−Z > z(1−α/N),0.0028,1.0000,100,0.9630,1.0000,1.0000
"base (Poisson, taxa constante)",S1,burst-z-2pois-midp-qhat,100,0.0000,0.0000,0.0000,Z > z(1−α/N),0.0001,0.0400,4,0.0157,0.0984,0.0000
"base (Poisson, taxa constante)",S1,silence-z-2pois-midp-phi,100,1.0000,0.0000,1.0000,−Z > z(1−α/N),0.0028,1.0000,100,0.9630,1.0000,1.0000
"base (Poisson, taxa constante)",S1,burst-z-2pois-midp-phi,100,0.0000,0.0000,0.0000,Z > z(1−α/N),0.0001,0.0400,4,0.0157,0.0984,0.0000
"base (Poisson, taxa constante)",S1,silence-z-2pois-midp-phibands,100,1.0000,0.0000,1.0000,−Z > z(1−α/N),0.0028,1.0000,100,0.9630,1.0000,1.0000
"base (Poisson, taxa constante)",S1,burst-z-2pois-midp-phibands,100,0.0000,0.0000,0.0000,Z > z(1−α/N),0.0001,0.0400,4,0.0157,0.0984,0.0000
"base (Poisson, taxa constante)",S1,silence-z-2pois-midp-qhat-phi,100,1.0000,0.0000,1.0000,−Z > z(1−α/N),0.0028,1.0000,100,0.9630,1.0000,1.0000
"base (Poisson, taxa constante)",S1,burst-z-2pois-midp-qhat-phi,100,0.0000,0.0000,0.0000,Z > z(1−α/N),0.0001,0.0400,4,0.0157,0.0984,0.0000
"base (Poisson, taxa constante)",S1,silence-z-2pois-midp-qhat-phibands,100,1.0000,0.0000,1.0000,−Z > z(1−α/N),0.0028,1.0000,100,0.9630,1.0000,1.0000
"base (Poisson, taxa constante)",S1,burst-z-2pois-midp-qhat-phibands,100,0.0000,0.0000,0.0000,Z > z(1−α/N),0.0001,0.0400,4,0.0157,0.0984,0.0000
"base (Poisson, taxa constante)",S2,silence-z-2pois-midp,100,1.0000,0.0000,1.0000,−Z > z(1−α/N),0.0022,1.0000,100,0.9630,1.0000,1.0000
"base (Poisson, taxa constante)",S2,burst-z-2pois-midp,100,0.0000,0.0000,0.0000,Z > z(1−α/N),0.0001,0.0400,4,0.0157,0.0984,0.0000
"base (Poisson, taxa constante)",S2,silence-z-2pois-midp-qhat,100,1.0000,0.0000,1.0000,−Z > z(1−α/N),0.0022,1.0000,100,0.9630,1.0000,1.0000
"base (Poisson, taxa constante)",S2,burst-z-2pois-midp-qhat,100,0.0000,0.0000,0.0000,Z > z(1−α/N),0.0001,0.0400,4,0.0157,0.0984,0.0000
"base (Poisson, taxa constante)",S2,silence-z-2pois-midp-phi,100,1.0000,0.0000,1.0000,−Z > z(1−α/N),0.0022,1.0000,100,0.9630,1.0000,1.0000
"base (Poisson, taxa constante)",S2,burst-z-2pois-midp-phi,100,0.0000,0.0000,0.0000,Z > z(1−α/N),0.0001,0.0400,4,0.0157,0.0984,0.0000
"base (Poisson, taxa constante)",S2,silence-z-2pois-midp-phibands,100,1.0000,0.0000,1.0000,−Z > z(1−α/N),0.0022,1.0000,100,0.9630,1.0000,1.0000
"base (Poisson, taxa constante)",S2,burst-z-2pois-midp-phibands,100,0.0000,0.0000,0.0000,Z > z(1−α/N),0.0001,0.0400,4,0.0157,0.0984,0.0000
"base (Poisson, taxa constante)",S2,silence-z-2pois-midp-qhat-phi,100,1.0000,0.0000,1.0000,−Z > z(1−α/N),0.0022,1.0000,100,0.9630,1.0000,1.0000
"base (Poisson, taxa constante)",S2,burst-z-2pois-midp-qhat-phi,100,0.0000,0.0000,0.0000,Z > z(1−α/N),0.0001,0.0400,4,0.0157,0.0984,0.0000
"base (Poisson, taxa constante)",S2,silence-z-2pois-midp-qhat-phibands,100,1.0000,0.0000,1.0000,−Z > z(1−α/N),0.0022,1.0000,100,0.9630,1.0000,1.0000
"base (Poisson, taxa constante)",S2,burst-z-2pois-midp-qhat-phibands,100,0.0000,0.0000,0.0000,Z > z(1−α/N),0.0001,0.0400,4,0.0157,0.0984,0.0000
"base (Poisson, taxa constante)",S3,silence-z-2pois-midp,100,1.0000,0.0000,1.0000,−Z > z(1−α/N),0.0021,0.9900,99,0.9455,0.9982,0.9900
"base (Poisson, taxa constante)",S3,burst-z-2pois-midp,100,0.0000,0.0000,0.0000,Z > z(1−α/N),0.0001,0.0500,5,0.0215,0.1118,0.0000
"base (Poisson, taxa constante)",S3,silence-z-2pois-midp-qhat,100,1.0000,0.0000,1.0000,−Z > z(1−α/N),0.0021,0.9900,99,0.9455,0.9982,0.9900
"base (Poisson, taxa constante)",S3,burst-z-2pois-midp-qhat,100,0.0000,0.0000,0.0000,Z > z(1−α/N),0.0001,0.0500,5,0.0215,0.1118,0.0000
"base (Poisson, taxa constante)",S3,silence-z-2pois-midp-phi,100,1.0000,0.0000,1.0000,−Z > z(1−α/N),0.0021,0.9900,99,0.9455,0.9982,0.9900
"base (Poisson, taxa constante)",S3,burst-z-2pois-midp-phi,100,0.0000,0.0000,0.0000,Z > z(1−α/N),0.0001,0.0500,5,0.0215,0.1118,0.0000
"base (Poisson, taxa constante)",S3,silence-z-2pois-midp-phibands,100,1.0000,0.0000,1.0000,−Z > z(1−α/N),0.0021,0.9900,99,0.9455,0.9982,0.9900
"base (Poisson, taxa constante)",S3,burst-z-2pois-midp-phibands,100,0.0000,0.0000,0.0000,Z > z(1−α/N),0.0001,0.0500,5,0.0215,0.1118,0.0000
"base (Poisson, taxa constante)",S3,silence-z-2pois-midp-qhat-phi,100,1.0000,0.0000,1.0000,−Z > z(1−α/N),0.0021,0.9900,99,0.9455,0.9982,0.9900
"base (Poisson, taxa constante)",S3,burst-z-2pois-midp-qhat-phi,100,0.0000,0.0000,0.0000,Z > z(1−α/N),0.0001,0.0500,5,0.0215,0.1118,0.0000
"base (Poisson, taxa constante)",S3,silence-z-2pois-midp-qhat-phibands,100,1.0000,0.0000,1.0000,−Z > z(1−α/N),0.0021,0.9900,99,0.9455,0.9982,0.9900
"base (Poisson, taxa constante)",S3,burst-z-2pois-midp-qhat-phibands,100,0.0000,0.0000,0.0000,Z > z(1−α/N),0.0001,0.0500,5,0.0215,0.1118,0.0000
"base (Poisson, taxa constante)",S4,silence-z-2pois-midp,100,0.5044,0.3079,0.0300,−Z > z(1−α/N),0.0001,0.0300,3,0.0103,0.0845,0.0000
"base (Poisson, taxa constante)",S4,burst-z-2pois-midp,100,0.4956,0.3079,0.0400,Z > z(1−α/N),0.0001,0.0500,5,0.0215,0.1118,0.0000
"base (Poisson, taxa constante)",S4,silence-z-2pois-midp-qhat,100,0.5036,0.3078,0.0300,−Z > z(1−α/N),0.0001,0.0300,3,0.0103,0.0845,0.0000
"base (Poisson, taxa constante)",S4,burst-z-2pois-midp-qhat,100,0.4964,0.3078,0.0400,Z > z(1−α/N),0.0001,0.0500,5,0.0215,0.1118,0.0000
"base (Poisson, taxa constante)",S4,silence-z-2pois-midp-phi,100,0.5044,0.3079,0.0300,−Z > z(1−α/N),0.0001,0.0300,3,0.0103,0.0845,0.0000
"base (Poisson, taxa constante)",S4,burst-z-2pois-midp-phi,100,0.4956,0.3079,0.0400,Z > z(1−α/N),0.0001,0.0500,5,0.0215,0.1118,0.0000
"base (Poisson, taxa constante)",S4,silence-z-2pois-midp-phibands,100,0.5044,0.3079,0.0300,−Z > z(1−α/N),0.0001,0.0300,3,0.0103,0.0845,0.0000
"base (Poisson, taxa constante)",S4,burst-z-2pois-midp-phibands,100,0.4956,0.3079,0.0400,Z > z(1−α/N),0.0001,0.0500,5,0.0215,0.1118,0.0000
"base (Poisson, taxa constante)",S4,silence-z-2pois-midp-qhat-phi,100,0.5036,0.3078,0.0300,−Z > z(1−α/N),0.0001,0.0300,3,0.0103,0.0845,0.0000
"base (Poisson, taxa constante)",S4,burst-z-2pois-midp-qhat-phi,100,0.4964,0.3078,0.0400,Z > z(1−α/N),0.0001,0.0500,5,0.0215,0.1118,0.0000
"base (Poisson, taxa constante)",S4,silence-z-2pois-midp-qhat-phibands,100,0.5036,0.3078,0.0300,−Z > z(1−α/N),0.0001,0.0300,3,0.0103,0.0845,0.0000
"base (Poisson, taxa constante)",S4,burst-z-2pois-midp-qhat-phibands,100,0.4964,0.3078,0.0400,Z > z(1−α/N),0.0001,0.0500,5,0.0215,0.1118,0.0000
"base (Poisson, taxa constante)",S5,silence-z-2pois-midp,100,0.0000,0.0000,0.0000,−Z > z(1−α/N),0.0001,0.0300,3,0.0103,0.0845,0.0000
"base (Poisson, taxa constante)",S5,burst-z-2pois-midp,100,1.0000,0.0000,1.0000,Z > z(1−α/N),0.0031,1.0000,100,0.9630,1.0000,1.0000
"base (Poisson, taxa constante)",S5,silence-z-2pois-midp-qhat,100,0.0000,0.0000,0.0000,−Z > z(1−α/N),0.0001,0.0300,3,0.0103,0.0845,0.0000
"base (Poisson, taxa constante)",S5,burst-z-2pois-midp-qhat,100,1.0000,0.0000,1.0000,Z > z(1−α/N),0.0030,1.0000,100,0.9630,1.0000,1.0000
"base (Poisson, taxa constante)",S5,silence-z-2pois-midp-phi,100,0.0000,0.0000,0.0000,−Z > z(1−α/N),0.0001,0.0300,3,0.0103,0.0845,0.0000
"base (Poisson, taxa constante)",S5,burst-z-2pois-midp-phi,100,1.0000,0.0000,1.0000,Z > z(1−α/N),0.0031,1.0000,100,0.9630,1.0000,1.0000
"base (Poisson, taxa constante)",S5,silence-z-2pois-midp-phibands,100,0.0000,0.0000,0.0000,−Z > z(1−α/N),0.0001,0.0300,3,0.0103,0.0845,0.0000
"base (Poisson, taxa constante)",S5,burst-z-2pois-midp-phibands,100,1.0000,0.0000,1.0000,Z > z(1−α/N),0.0031,1.0000,100,0.9630,1.0000,1.0000
"base (Poisson, taxa constante)",S5,silence-z-2pois-midp-qhat-phi,100,0.0000,0.0000,0.0000,−Z > z(1−α/N),0.0001,0.0300,3,0.0103,0.0845,0.0000
"base (Poisson, taxa constante)",S5,burst-z-2pois-midp-qhat-phi,100,1.0000,0.0000,1.0000,Z > z(1−α/N),0.0030,1.0000,100,0.9630,1.0000,1.0000
"base (Poisson, taxa constante)",S5,silence-z-2pois-midp-qhat-phibands,100,0.0000,0.0000,0.0000,−Z > z(1−α/N),0.0001,0.0300,3,0.0103,0.0845,0.0000
"base (Poisson, taxa constante)",S5,burst-z-2pois-midp-qhat-phibands,100,1.0000,0.0000,1.0000,Z > z(1−α/N),0.0030,1.0000,100,0.9630,1.0000,1.0000
Dispersion k = 10,S0,silence-z-2pois-midp,100,,,,−Z > z(1−α/N),0.0015,0.5400,54,0.4426,0.6344,
Dispersion k = 10,S0,burst-z-2pois-midp,100,,,,Z > z(1−α/N),0.0013,0.5200,52,0.4232,0.6154,
Dispersion k = 10,S0,silence-z-2pois-midp-qhat,100,,,,−Z > z(1−α/N),0.0016,0.5800,58,0.4821,0.6720,
Dispersion k = 10,S0,burst-z-2pois-midp-qhat,100,,,,Z > z(1−α/N),0.0015,0.5500,55,0.4524,0.6439,
Dispersion k = 10,S0,silence-z-2pois-midp-phi,100,,,,−Z > z(1−α/N),0.0004,0.1800,18,0.1170,0.2667,
Dispersion k = 10,S0,burst-z-2pois-midp-phi,100,,,,Z > z(1−α/N),0.0004,0.1800,18,0.1170,0.2667,
Dispersion k = 10,S0,silence-z-2pois-midp-phibands,100,,,,−Z > z(1−α/N),0.0002,0.0900,9,0.0481,0.1623,
Dispersion k = 10,S0,burst-z-2pois-midp-phibands,100,,,,Z > z(1−α/N),0.0003,0.1500,15,0.0931,0.2328,
Dispersion k = 10,S0,silence-z-2pois-midp-qhat-phi,100,,,,−Z > z(1−α/N),0.0004,0.1900,19,0.1251,0.2778,
Dispersion k = 10,S0,burst-z-2pois-midp-qhat-phi,100,,,,Z > z(1−α/N),0.0004,0.1900,19,0.1251,0.2778,
Dispersion k = 10,S0,silence-z-2pois-midp-qhat-phibands,100,,,,−Z > z(1−α/N),0.0002,0.0900,9,0.0481,0.1623,
Dispersion k = 10,S0,burst-z-2pois-midp-qhat-phibands,100,,,,Z > z(1−α/N),0.0003,0.1300,13,0.0776,0.2098,
Dispersion k = 10,S1,silence-z-2pois-midp,100,1.0000,0.0000,1.0000,−Z > z(1−α/N),0.0044,1.0000,100,0.9630,1.0000,1.0000
Dispersion k = 10,S1,burst-z-2pois-midp,100,0.0000,0.0000,0.0000,Z > z(1−α/N),0.0013,0.5000,50,0.4038,0.5962,0.0000
Dispersion k = 10,S1,silence-z-2pois-midp-qhat,100,1.0000,0.0000,1.0000,−Z > z(1−α/N),0.0043,1.0000,100,0.9630,1.0000,1.0000
Dispersion k = 10,S1,burst-z-2pois-midp-qhat,100,0.0000,0.0000,0.0000,Z > z(1−α/N),0.0015,0.5300,53,0.4329,0.6249,0.0000
Dispersion k = 10,S1,silence-z-2pois-midp-phi,100,1.0000,0.0000,1.0000,−Z > z(1−α/N),0.0029,1.0000,100,0.9630,1.0000,1.0000
Dispersion k = 10,S1,burst-z-2pois-midp-phi,100,0.0000,0.0000,0.0000,Z > z(1−α/N),0.0004,0.1800,18,0.1170,0.2667,0.0000
Dispersion k = 10,S1,silence-z-2pois-midp-phibands,100,1.0000,0.0000,1.0000,−Z > z(1−α/N),0.0024,1.0000,100,0.9630,1.0000,1.0000
Dispersion k = 10,S1,burst-z-2pois-midp-phibands,100,0.0000,0.0000,0.0000,Z > z(1−α/N),0.0003,0.1400,14,0.0853,0.2214,0.0000
Dispersion k = 10,S1,silence-z-2pois-midp-qhat-phi,100,1.0000,0.0000,1.0000,−Z > z(1−α/N),0.0029,1.0000,100,0.9630,1.0000,1.0000
Dispersion k = 10,S1,burst-z-2pois-midp-qhat-phi,100,0.0000,0.0000,0.0000,Z > z(1−α/N),0.0004,0.2100,21,0.1417,0.2998,0.0000
Dispersion k = 10,S1,silence-z-2pois-midp-qhat-phibands,100,1.0000,0.0000,1.0000,−Z > z(1−α/N),0.0024,1.0000,100,0.9630,1.0000,1.0000
Dispersion k = 10,S1,burst-z-2pois-midp-qhat-phibands,100,0.0000,0.0000,0.0000,Z > z(1−α/N),0.0003,0.1400,14,0.0853,0.2214,0.0000
Dispersion k = 10,S2,silence-z-2pois-midp,100,1.0000,0.0000,1.0000,−Z > z(1−α/N),0.0036,1.0000,100,0.9630,1.0000,1.0000
Dispersion k = 10,S2,burst-z-2pois-midp,100,0.0000,0.0000,0.0000,Z > z(1−α/N),0.0013,0.5000,50,0.4038,0.5962,0.0000
Dispersion k = 10,S2,silence-z-2pois-midp-qhat,100,1.0000,0.0000,1.0000,−Z > z(1−α/N),0.0036,1.0000,100,0.9630,1.0000,1.0000
Dispersion k = 10,S2,burst-z-2pois-midp-qhat,100,0.0000,0.0000,0.0000,Z > z(1−α/N),0.0014,0.5300,53,0.4329,0.6249,0.0000
Dispersion k = 10,S2,silence-z-2pois-midp-phi,100,1.0000,0.0000,1.0000,−Z > z(1−α/N),0.0024,1.0000,100,0.9630,1.0000,1.0000
Dispersion k = 10,S2,burst-z-2pois-midp-phi,100,0.0000,0.0000,0.0000,Z > z(1−α/N),0.0004,0.1800,18,0.1170,0.2667,0.0000
Dispersion k = 10,S2,silence-z-2pois-midp-phibands,100,1.0000,0.0000,1.0000,−Z > z(1−α/N),0.0022,1.0000,100,0.9630,1.0000,1.0000
Dispersion k = 10,S2,burst-z-2pois-midp-phibands,100,0.0000,0.0000,0.0000,Z > z(1−α/N),0.0003,0.1400,14,0.0853,0.2214,0.0000
Dispersion k = 10,S2,silence-z-2pois-midp-qhat-phi,100,1.0000,0.0000,1.0000,−Z > z(1−α/N),0.0025,1.0000,100,0.9630,1.0000,1.0000
Dispersion k = 10,S2,burst-z-2pois-midp-qhat-phi,100,0.0000,0.0000,0.0000,Z > z(1−α/N),0.0004,0.2000,20,0.1334,0.2888,0.0000
Dispersion k = 10,S2,silence-z-2pois-midp-qhat-phibands,100,1.0000,0.0000,1.0000,−Z > z(1−α/N),0.0022,1.0000,100,0.9630,1.0000,1.0000
Dispersion k = 10,S2,burst-z-2pois-midp-qhat-phibands,100,0.0000,0.0000,0.0000,Z > z(1−α/N),0.0003,0.1400,14,0.0853,0.2214,0.0000
Dispersion k = 10,S3,silence-z-2pois-midp,100,0.9998,0.0020,0.9900,−Z > z(1−α/N),0.0036,1.0000,100,0.9630,1.0000,0.9900
Dispersion k = 10,S3,burst-z-2pois-midp,100,0.0002,0.0020,0.0000,Z > z(1−α/N),0.0013,0.5200,52,0.4232,0.6154,0.0000
Dispersion k = 10,S3,silence-z-2pois-midp-qhat,100,0.9997,0.0022,0.9900,−Z > z(1−α/N),0.0037,1.0000,100,0.9630,1.0000,0.9900
Dispersion k = 10,S3,burst-z-2pois-midp-qhat,100,0.0003,0.0022,0.0000,Z > z(1−α/N),0.0015,0.5500,55,0.4524,0.6439,0.0000
Dispersion k = 10,S3,silence-z-2pois-midp-phi,100,0.9998,0.0020,0.9900,−Z > z(1−α/N),0.0023,0.9700,97,0.9155,0.9897,0.9700
Dispersion k = 10,S3,burst-z-2pois-midp-phi,100,0.0002,0.0020,0.0000,Z > z(1−α/N),0.0004,0.1800,18,0.1170,0.2667,0.0000
Dispersion k = 10,S3,silence-z-2pois-midp-phibands,100,0.9999,0.0010,1.0000,−Z > z(1−α/N),0.0022,0.9800,98,0.9300,0.9945,0.9800
Dispersion k = 10,S3,burst-z-2pois-midp-phibands,100,0.0001,0.0010,0.0000,Z > z(1−α/N),0.0003,0.1500,15,0.0931,0.2328,0.0000
Dispersion k = 10,S3,silence-z-2pois-midp-qhat-phi,100,0.9997,0.0022,0.9900,−Z > z(1−α/N),0.0023,0.9800,98,0.9300,0.9945,0.9700
Dispersion k = 10,S3,burst-z-2pois-midp-qhat-phi,100,0.0003,0.0022,0.0000,Z > z(1−α/N),0.0004,0.2000,20,0.1334,0.2888,0.0000
Dispersion k = 10,S3,silence-z-2pois-midp-qhat-phibands,100,0.9999,0.0010,1.0000,−Z > z(1−α/N),0.0022,0.9800,98,0.9300,0.9945,0.9800
Dispersion k = 10,S3,burst-z-2pois-midp-qhat-phibands,100,0.0001,0.0010,0.0000,Z > z(1−α/N),0.0003,0.1300,13,0.0776,0.2098,0.0000
Dispersion k = 10,S4,silence-z-2pois-midp,100,0.4667,0.2896,0.0100,−Z > z(1−α/N),0.0015,0.5400,54,0.4426,0.6344,0.0100
Dispersion k = 10,S4,burst-z-2pois-midp,100,0.5333,0.2896,0.0300,Z > z(1−α/N),0.0013,0.5200,52,0.4232,0.6154,0.0000
Dispersion k = 10,S4,silence-z-2pois-midp-qhat,100,0.4669,0.2890,0.0100,−Z > z(1−α/N),0.0016,0.5800,58,0.4821,0.6720,0.0100
Dispersion k = 10,S4,burst-z-2pois-midp-qhat,100,0.5331,0.2890,0.0400,Z > z(1−α/N),0.0015,0.5500,55,0.4524,0.6439,0.0000
Dispersion k = 10,S4,silence-z-2pois-midp-phi,100,0.4667,0.2896,0.0100,−Z > z(1−α/N),0.0004,0.1800,18,0.1170,0.2667,0.0000
Dispersion k = 10,S4,burst-z-2pois-midp-phi,100,0.5333,0.2896,0.0300,Z > z(1−α/N),0.0004,0.1800,18,0.1170,0.2667,0.0000
Dispersion k = 10,S4,silence-z-2pois-midp-phibands,100,0.4758,0.2871,0.0100,−Z > z(1−α/N),0.0002,0.0900,9,0.0481,0.1623,0.0000
Dispersion k = 10,S4,burst-z-2pois-midp-phibands,100,0.5242,0.2871,0.0200,Z > z(1−α/N),0.0003,0.1500,15,0.0931,0.2328,0.0000
Dispersion k = 10,S4,silence-z-2pois-midp-qhat-phi,100,0.4669,0.2890,0.0100,−Z > z(1−α/N),0.0004,0.1900,19,0.1251,0.2778,0.0000
Dispersion k = 10,S4,burst-z-2pois-midp-qhat-phi,100,0.5331,0.2890,0.0400,Z > z(1−α/N),0.0004,0.1900,19,0.1251,0.2778,0.0000
Dispersion k = 10,S4,silence-z-2pois-midp-qhat-phibands,100,0.4761,0.2862,0.0100,−Z > z(1−α/N),0.0002,0.0900,9,0.0481,0.1623,0.0000
Dispersion k = 10,S4,burst-z-2pois-midp-qhat-phibands,100,0.5239,0.2862,0.0200,Z > z(1−α/N),0.0003,0.1300,13,0.0776,0.2098,0.0000
Dispersion k = 10,S5,silence-z-2pois-midp,100,0.0000,0.0000,0.0000,−Z > z(1−α/N),0.0015,0.5400,54,0.4426,0.6344,0.0000
Dispersion k = 10,S5,burst-z-2pois-midp,100,1.0000,0.0000,1.0000,Z > z(1−α/N),0.0044,1.0000,100,0.9630,1.0000,1.0000
Dispersion k = 10,S5,silence-z-2pois-midp-qhat,100,0.0000,0.0000,0.0000,−Z > z(1−α/N),0.0018,0.6200,62,0.5221,0.7090,0.0000
Dispersion k = 10,S5,burst-z-2pois-midp-qhat,100,1.0000,0.0000,1.0000,Z > z(1−α/N),0.0041,1.0000,100,0.9630,1.0000,1.0000
Dispersion k = 10,S5,silence-z-2pois-midp-phi,100,0.0000,0.0000,0.0000,−Z > z(1−α/N),0.0003,0.1700,17,0.1089,0.2555,0.0000
Dispersion k = 10,S5,burst-z-2pois-midp-phi,100,1.0000,0.0000,1.0000,Z > z(1−α/N),0.0030,1.0000,100,0.9630,1.0000,1.0000
Dispersion k = 10,S5,silence-z-2pois-midp-phibands,100,0.0000,0.0000,0.0000,−Z > z(1−α/N),0.0002,0.0800,8,0.0411,0.1500,0.0000
Dispersion k = 10,S5,burst-z-2pois-midp-phibands,100,1.0000,0.0000,1.0000,Z > z(1−α/N),0.0028,1.0000,100,0.9630,1.0000,1.0000
Dispersion k = 10,S5,silence-z-2pois-midp-qhat-phi,100,0.0000,0.0000,0.0000,−Z > z(1−α/N),0.0004,0.2000,20,0.1334,0.2888,0.0000
Dispersion k = 10,S5,burst-z-2pois-midp-qhat-phi,100,1.0000,0.0000,1.0000,Z > z(1−α/N),0.0029,1.0000,100,0.9630,1.0000,1.0000
Dispersion k = 10,S5,silence-z-2pois-midp-qhat-phibands,100,0.0000,0.0000,0.0000,−Z > z(1−α/N),0.0002,0.0900,9,0.0481,0.1623,0.0000
Dispersion k = 10,S5,burst-z-2pois-midp-qhat-phibands,100,1.0000,0.0000,1.0000,Z > z(1−α/N),0.0026,1.0000,100,0.9630,1.0000,1.0000
Dispersion k = 3,S0,silence-z-2pois-midp,100,,,,−Z > z(1−α/N),0.0142,1.0000,100,0.9630,1.0000,
Dispersion k = 3,S0,burst-z-2pois-midp,100,,,,Z > z(1−α/N),0.0134,0.9900,99,0.9455,0.9982,
Dispersion k = 3,S0,silence-z-2pois-midp-qhat,100,,,,−Z > z(1−α/N),0.0141,1.0000,100,0.9630,1.0000,
Dispersion k = 3,S0,burst-z-2pois-midp-qhat,100,,,,Z > z(1−α/N),0.0131,0.9900,99,0.9455,0.9982,
Dispersion k = 3,S0,silence-z-2pois-midp-phi,100,,,,−Z > z(1−α/N),0.0010,0.3800,38,0.2910,0.4779,
Dispersion k = 3,S0,burst-z-2pois-midp-phi,100,,,,Z > z(1−α/N),0.0012,0.4400,44,0.3467,0.5377,
Dispersion k = 3,S0,silence-z-2pois-midp-phibands,100,,,,−Z > z(1−α/N),0.0000,0.0200,2,0.0055,0.0700,
Dispersion k = 3,S0,burst-z-2pois-midp-phibands,100,,,,Z > z(1−α/N),0.0008,0.3100,31,0.2278,0.4063,
Dispersion k = 3,S0,silence-z-2pois-midp-qhat-phi,100,,,,−Z > z(1−α/N),0.0010,0.3800,38,0.2910,0.4779,
Dispersion k = 3,S0,burst-z-2pois-midp-qhat-phi,100,,,,Z > z(1−α/N),0.0011,0.4300,43,0.3373,0.5278,
Dispersion k = 3,S0,silence-z-2pois-midp-qhat-phibands,100,,,,−Z > z(1−α/N),0.0000,0.0100,1,0.0018,0.0545,
Dispersion k = 3,S0,burst-z-2pois-midp-qhat-phibands,100,,,,Z > z(1−α/N),0.0007,0.2900,29,0.2101,0.3854,
Dispersion k = 3,S1,silence-z-2pois-midp,100,1.0000,0.0000,1.0000,−Z > z(1−α/N),0.0178,1.0000,100,0.9630,1.0000,1.0000
Dispersion k = 3,S1,burst-z-2pois-midp,100,0.0000,0.0000,0.0000,Z > z(1−α/N),0.0132,0.9900,99,0.9455,0.9982,0.0000
Dispersion k = 3,S1,silence-z-2pois-midp-qhat,100,1.0000,0.0000,1.0000,−Z > z(1−α/N),0.0170,1.0000,100,0.9630,1.0000,1.0000
Dispersion k = 3,S1,burst-z-2pois-midp-qhat,100,0.0000,0.0000,0.0000,Z > z(1−α/N),0.0133,0.9900,99,0.9455,0.9982,0.0000
Dispersion k = 3,S1,silence-z-2pois-midp-phi,100,1.0000,0.0000,1.0000,−Z > z(1−α/N),0.0033,1.0000,100,0.9630,1.0000,1.0000
Dispersion k = 3,S1,burst-z-2pois-midp-phi,100,0.0000,0.0000,0.0000,Z > z(1−α/N),0.0012,0.4400,44,0.3467,0.5377,0.0000
Dispersion k = 3,S1,silence-z-2pois-midp-phibands,100,1.0000,0.0000,1.0000,−Z > z(1−α/N),0.0021,1.0000,100,0.9630,1.0000,1.0000
Dispersion k = 3,S1,burst-z-2pois-midp-phibands,100,0.0000,0.0000,0.0000,Z > z(1−α/N),0.0008,0.3100,31,0.2278,0.4063,0.0000
Dispersion k = 3,S1,silence-z-2pois-midp-qhat-phi,100,1.0000,0.0000,1.0000,−Z > z(1−α/N),0.0032,1.0000,100,0.9630,1.0000,1.0000
Dispersion k = 3,S1,burst-z-2pois-midp-qhat-phi,100,0.0000,0.0000,0.0000,Z > z(1−α/N),0.0011,0.4300,43,0.3373,0.5278,0.0000
Dispersion k = 3,S1,silence-z-2pois-midp-qhat-phibands,100,1.0000,0.0000,1.0000,−Z > z(1−α/N),0.0021,1.0000,100,0.9630,1.0000,1.0000
Dispersion k = 3,S1,burst-z-2pois-midp-qhat-phibands,100,0.0000,0.0000,0.0000,Z > z(1−α/N),0.0007,0.2900,29,0.2101,0.3854,0.0000
Dispersion k = 3,S2,silence-z-2pois-midp,100,0.9993,0.0025,1.0000,−Z > z(1−α/N),0.0167,1.0000,100,0.9630,1.0000,1.0000
Dispersion k = 3,S2,burst-z-2pois-midp,100,0.0007,0.0025,0.0000,Z > z(1−α/N),0.0132,0.9900,99,0.9455,0.9982,0.0000
Dispersion k = 3,S2,silence-z-2pois-midp-qhat,100,0.9994,0.0023,1.0000,−Z > z(1−α/N),0.0161,1.0000,100,0.9630,1.0000,1.0000
Dispersion k = 3,S2,burst-z-2pois-midp-qhat,100,0.0006,0.0023,0.0000,Z > z(1−α/N),0.0132,0.9900,99,0.9455,0.9982,0.0000
Dispersion k = 3,S2,silence-z-2pois-midp-phi,100,0.9993,0.0025,1.0000,−Z > z(1−α/N),0.0027,0.9300,93,0.8625,0.9657,0.8500
Dispersion k = 3,S2,burst-z-2pois-midp-phi,100,0.0007,0.0025,0.0000,Z > z(1−α/N),0.0012,0.4400,44,0.3467,0.5377,0.0000
Dispersion k = 3,S2,silence-z-2pois-midp-phibands,100,0.9999,0.0009,1.0000,−Z > z(1−α/N),0.0018,0.8900,89,0.8137,0.9375,0.8800
Dispersion k = 3,S2,burst-z-2pois-midp-phibands,100,0.0001,0.0009,0.0000,Z > z(1−α/N),0.0008,0.3100,31,0.2278,0.4063,0.0000
Dispersion k = 3,S2,silence-z-2pois-midp-qhat-phi,100,0.9994,0.0023,1.0000,−Z > z(1−α/N),0.0026,0.9300,93,0.8625,0.9657,0.8500
Dispersion k = 3,S2,burst-z-2pois-midp-qhat-phi,100,0.0006,0.0023,0.0000,Z > z(1−α/N),0.0011,0.4300,43,0.3373,0.5278,0.0000
Dispersion k = 3,S2,silence-z-2pois-midp-qhat-phibands,100,0.9998,0.0010,1.0000,−Z > z(1−α/N),0.0018,0.8900,89,0.8137,0.9375,0.8800
Dispersion k = 3,S2,burst-z-2pois-midp-qhat-phibands,100,0.0002,0.0010,0.0000,Z > z(1−α/N),0.0007,0.2900,29,0.2101,0.3854,0.0000
Dispersion k = 3,S3,silence-z-2pois-midp,100,0.9991,0.0054,0.9900,−Z > z(1−α/N),0.0164,1.0000,100,0.9630,1.0000,0.9900
Dispersion k = 3,S3,burst-z-2pois-midp,100,0.0009,0.0054,0.0000,Z > z(1−α/N),0.0133,0.9900,99,0.9455,0.9982,0.0000
Dispersion k = 3,S3,silence-z-2pois-midp-qhat,100,0.9991,0.0050,0.9900,−Z > z(1−α/N),0.0161,1.0000,100,0.9630,1.0000,0.9900
Dispersion k = 3,S3,burst-z-2pois-midp-qhat,100,0.0009,0.0050,0.0000,Z > z(1−α/N),0.0132,0.9900,99,0.9455,0.9982,0.0000
Dispersion k = 3,S3,silence-z-2pois-midp-phi,100,0.9991,0.0054,0.9900,−Z > z(1−α/N),0.0028,0.9100,91,0.8377,0.9519,0.9000
Dispersion k = 3,S3,burst-z-2pois-midp-phi,100,0.0009,0.0054,0.0000,Z > z(1−α/N),0.0012,0.4400,44,0.3467,0.5377,0.0000
Dispersion k = 3,S3,silence-z-2pois-midp-phibands,100,0.9999,0.0010,1.0000,−Z > z(1−α/N),0.0019,0.9400,94,0.8752,0.9722,0.9400
Dispersion k = 3,S3,burst-z-2pois-midp-phibands,100,0.0001,0.0010,0.0000,Z > z(1−α/N),0.0008,0.3100,31,0.2278,0.4063,0.0000
Dispersion k = 3,S3,silence-z-2pois-midp-qhat-phi,100,0.9991,0.0050,0.9900,−Z > z(1−α/N),0.0028,0.9200,92,0.8500,0.9589,0.9000
Dispersion k = 3,S3,burst-z-2pois-midp-qhat-phi,100,0.0009,0.0050,0.0000,Z > z(1−α/N),0.0011,0.4300,43,0.3373,0.5278,0.0000
Dispersion k = 3,S3,silence-z-2pois-midp-qhat-phibands,100,0.9999,0.0010,1.0000,−Z > z(1−α/N),0.0019,0.9300,93,0.8625,0.9657,0.9300
Dispersion k = 3,S3,burst-z-2pois-midp-qhat-phibands,100,0.0001,0.0010,0.0000,Z > z(1−α/N),0.0007,0.2900,29,0.2101,0.3854,0.0000
Dispersion k = 3,S4,silence-z-2pois-midp,100,0.5412,0.2797,0.0300,−Z > z(1−α/N),0.0142,1.0000,100,0.9630,1.0000,0.0300
Dispersion k = 3,S4,burst-z-2pois-midp,100,0.4588,0.2797,0.0000,Z > z(1−α/N),0.0134,0.9900,99,0.9455,0.9982,0.0000
Dispersion k = 3,S4,silence-z-2pois-midp-qhat,100,0.5416,0.2794,0.0300,−Z > z(1−α/N),0.0141,1.0000,100,0.9630,1.0000,0.0300
Dispersion k = 3,S4,burst-z-2pois-midp-qhat,100,0.4584,0.2794,0.0000,Z > z(1−α/N),0.0131,0.9900,99,0.9455,0.9982,0.0000
Dispersion k = 3,S4,silence-z-2pois-midp-phi,100,0.5412,0.2797,0.0300,−Z > z(1−α/N),0.0010,0.3800,38,0.2910,0.4779,0.0000
Dispersion k = 3,S4,burst-z-2pois-midp-phi,100,0.4588,0.2797,0.0000,Z > z(1−α/N),0.0012,0.4400,44,0.3467,0.5377,0.0000
Dispersion k = 3,S4,silence-z-2pois-midp-phibands,100,0.5569,0.2772,0.0200,−Z > z(1−α/N),0.0000,0.0200,2,0.0055,0.0700,0.0000
Dispersion k = 3,S4,burst-z-2pois-midp-phibands,100,0.4431,0.2772,0.0100,Z > z(1−α/N),0.0008,0.3100,31,0.2278,0.4063,0.0000
Dispersion k = 3,S4,silence-z-2pois-midp-qhat-phi,100,0.5416,0.2794,0.0300,−Z > z(1−α/N),0.0010,0.3800,38,0.2910,0.4779,0.0000
Dispersion k = 3,S4,burst-z-2pois-midp-qhat-phi,100,0.4584,0.2794,0.0000,Z > z(1−α/N),0.0011,0.4300,43,0.3373,0.5278,0.0000
Dispersion k = 3,S4,silence-z-2pois-midp-qhat-phibands,100,0.5573,0.2775,0.0200,−Z > z(1−α/N),0.0000,0.0100,1,0.0018,0.0545,0.0000
Dispersion k = 3,S4,burst-z-2pois-midp-qhat-phibands,100,0.4427,0.2775,0.0100,Z > z(1−α/N),0.0007,0.2900,29,0.2101,0.3854,0.0000
Dispersion k = 3,S5,silence-z-2pois-midp,100,0.0000,0.0000,0.0000,−Z > z(1−α/N),0.0141,1.0000,100,0.9630,1.0000,0.0000
Dispersion k = 3,S5,burst-z-2pois-midp,100,1.0000,0.0000,1.0000,Z > z(1−α/N),0.0167,1.0000,100,0.9630,1.0000,1.0000
Dispersion k = 3,S5,silence-z-2pois-midp-qhat,100,0.0000,0.0000,0.0000,−Z > z(1−α/N),0.0153,1.0000,100,0.9630,1.0000,0.0000
Dispersion k = 3,S5,burst-z-2pois-midp-qhat,100,1.0000,0.0000,1.0000,Z > z(1−α/N),0.0153,1.0000,100,0.9630,1.0000,1.0000
Dispersion k = 3,S5,silence-z-2pois-midp-phi,100,0.0000,0.0000,0.0000,−Z > z(1−α/N),0.0010,0.3800,38,0.2910,0.4779,0.0000
Dispersion k = 3,S5,burst-z-2pois-midp-phi,100,1.0000,0.0000,1.0000,Z > z(1−α/N),0.0036,0.9900,99,0.9455,0.9982,0.9900
Dispersion k = 3,S5,silence-z-2pois-midp-phibands,100,0.0000,0.0000,0.0000,−Z > z(1−α/N),0.0000,0.0200,2,0.0055,0.0700,0.0000
Dispersion k = 3,S5,burst-z-2pois-midp-phibands,100,1.0000,0.0000,1.0000,Z > z(1−α/N),0.0030,1.0000,100,0.9630,1.0000,1.0000
Dispersion k = 3,S5,silence-z-2pois-midp-qhat-phi,100,0.0000,0.0000,0.0000,−Z > z(1−α/N),0.0012,0.4400,44,0.3467,0.5377,0.0000
Dispersion k = 3,S5,burst-z-2pois-midp-qhat-phi,100,1.0000,0.0000,1.0000,Z > z(1−α/N),0.0034,0.9900,99,0.9455,0.9982,0.9900
Dispersion k = 3,S5,silence-z-2pois-midp-qhat-phibands,100,0.0000,0.0000,0.0000,−Z > z(1−α/N),0.0000,0.0200,2,0.0055,0.0700,0.0000
Dispersion k = 3,S5,burst-z-2pois-midp-qhat-phibands,100,1.0000,0.0000,1.0000,Z > z(1−α/N),0.0029,1.0000,100,0.9630,1.0000,1.0000
Dispersion k = 1,S0,silence-z-2pois-midp,100,,,,−Z > z(1−α/N),0.0729,1.0000,100,0.9630,1.0000,
Dispersion k = 1,S0,burst-z-2pois-midp,100,,,,Z > z(1−α/N),0.0573,1.0000,100,0.9630,1.0000,
Dispersion k = 1,S0,silence-z-2pois-midp-qhat,100,,,,−Z > z(1−α/N),0.0711,1.0000,100,0.9630,1.0000,
Dispersion k = 1,S0,burst-z-2pois-midp-qhat,100,,,,Z > z(1−α/N),0.0582,1.0000,100,0.9630,1.0000,
Dispersion k = 1,S0,silence-z-2pois-midp-phi,100,,,,−Z > z(1−α/N),0.0020,0.5900,59,0.4920,0.6813,
Dispersion k = 1,S0,burst-z-2pois-midp-phi,100,,,,Z > z(1−α/N),0.0021,0.6400,64,0.5424,0.7273,
Dispersion k = 1,S0,silence-z-2pois-midp-phibands,100,,,,−Z > z(1−α/N),0.0001,0.0500,5,0.0215,0.1118,
Dispersion k = 1,S0,burst-z-2pois-midp-phibands,100,,,,Z > z(1−α/N),0.0028,0.7700,77,0.6785,0.8416,
Dispersion k = 1,S0,silence-z-2pois-midp-qhat-phi,100,,,,−Z > z(1−α/N),0.0019,0.5900,59,0.4920,0.6813,
Dispersion k = 1,S0,burst-z-2pois-midp-qhat-phi,100,,,,Z > z(1−α/N),0.0021,0.6700,67,0.5731,0.7544,
Dispersion k = 1,S0,silence-z-2pois-midp-qhat-phibands,100,,,,−Z > z(1−α/N),0.0001,0.0400,4,0.0157,0.0984,
Dispersion k = 1,S0,burst-z-2pois-midp-qhat-phibands,100,,,,Z > z(1−α/N),0.0029,0.7700,77,0.6785,0.8416,
Dispersion k = 1,S1,silence-z-2pois-midp,100,0.9999,0.0003,1.0000,−Z > z(1−α/N),0.0767,1.0000,100,0.9630,1.0000,1.0000
Dispersion k = 1,S1,burst-z-2pois-midp,100,0.0001,0.0003,0.0000,Z > z(1−α/N),0.0568,1.0000,100,0.9630,1.0000,0.0000
Dispersion k = 1,S1,silence-z-2pois-midp-qhat,100,0.9999,0.0003,1.0000,−Z > z(1−α/N),0.0733,1.0000,100,0.9630,1.0000,1.0000
Dispersion k = 1,S1,burst-z-2pois-midp-qhat,100,0.0001,0.0003,0.0000,Z > z(1−α/N),0.0585,1.0000,100,0.9630,1.0000,0.0000
Dispersion k = 1,S1,silence-z-2pois-midp-phi,100,0.9999,0.0003,1.0000,−Z > z(1−α/N),0.0041,1.0000,100,0.9630,1.0000,1.0000
Dispersion k = 1,S1,burst-z-2pois-midp-phi,100,0.0001,0.0003,0.0000,Z > z(1−α/N),0.0021,0.6400,64,0.5424,0.7273,0.0000
Dispersion k = 1,S1,silence-z-2pois-midp-phibands,100,1.0000,0.0000,1.0000,−Z > z(1−α/N),0.0021,1.0000,100,0.9630,1.0000,1.0000
Dispersion k = 1,S1,burst-z-2pois-midp-phibands,100,0.0000,0.0000,0.0000,Z > z(1−α/N),0.0028,0.7700,77,0.6785,0.8416,0.0000
Dispersion k = 1,S1,silence-z-2pois-midp-qhat-phi,100,0.9999,0.0003,1.0000,−Z > z(1−α/N),0.0039,1.0000,100,0.9630,1.0000,1.0000
Dispersion k = 1,S1,burst-z-2pois-midp-qhat-phi,100,0.0001,0.0003,0.0000,Z > z(1−α/N),0.0022,0.6600,66,0.5628,0.7454,0.0000
Dispersion k = 1,S1,silence-z-2pois-midp-qhat-phibands,100,1.0000,0.0000,1.0000,−Z > z(1−α/N),0.0021,1.0000,100,0.9630,1.0000,1.0000
Dispersion k = 1,S1,burst-z-2pois-midp-qhat-phibands,100,0.0000,0.0000,0.0000,Z > z(1−α/N),0.0029,0.7900,79,0.7002,0.8583,0.0000
Dispersion k = 1,S2,silence-z-2pois-midp,100,0.9883,0.0224,0.8200,−Z > z(1−α/N),0.0755,1.0000,100,0.9630,1.0000,0.9800
Dispersion k = 1,S2,burst-z-2pois-midp,100,0.0117,0.0224,0.0000,Z > z(1−α/N),0.0569,1.0000,100,0.9630,1.0000,0.0000
Dispersion k = 1,S2,silence-z-2pois-midp-qhat,100,0.9887,0.0220,0.8300,−Z > z(1−α/N),0.0727,1.0000,100,0.9630,1.0000,0.9800
Dispersion k = 1,S2,burst-z-2pois-midp-qhat,100,0.0113,0.0220,0.0000,Z > z(1−α/N),0.0584,1.0000,100,0.9630,1.0000,0.0000
Dispersion k = 1,S2,silence-z-2pois-midp-phi,100,0.9883,0.0224,0.8200,−Z > z(1−α/N),0.0030,0.7600,76,0.6677,0.8331,0.4800
Dispersion k = 1,S2,burst-z-2pois-midp-phi,100,0.0117,0.0224,0.0000,Z > z(1−α/N),0.0021,0.6400,64,0.5424,0.7273,0.0000
Dispersion k = 1,S2,silence-z-2pois-midp-phibands,100,0.9964,0.0103,0.9500,−Z > z(1−α/N),0.0007,0.3500,35,0.2636,0.4475,0.3000
Dispersion k = 1,S2,burst-z-2pois-midp-phibands,100,0.0036,0.0103,0.0000,Z > z(1−α/N),0.0028,0.7700,77,0.6785,0.8416,0.0000
Dispersion k = 1,S2,silence-z-2pois-midp-qhat-phi,100,0.9887,0.0220,0.8300,−Z > z(1−α/N),0.0028,0.7600,76,0.6677,0.8331,0.4600
Dispersion k = 1,S2,burst-z-2pois-midp-qhat-phi,100,0.0113,0.0220,0.0000,Z > z(1−α/N),0.0022,0.6700,67,0.5731,0.7544,0.0000
Dispersion k = 1,S2,silence-z-2pois-midp-qhat-phibands,100,0.9964,0.0099,0.9500,−Z > z(1−α/N),0.0006,0.3000,30,0.2189,0.3958,0.2800
Dispersion k = 1,S2,burst-z-2pois-midp-qhat-phibands,100,0.0036,0.0099,0.0000,Z > z(1−α/N),0.0029,0.7900,79,0.7002,0.8583,0.0000
Dispersion k = 1,S3,silence-z-2pois-midp,100,0.9902,0.0328,0.8800,−Z > z(1−α/N),0.0751,1.0000,100,0.9630,1.0000,0.9700
Dispersion k = 1,S3,burst-z-2pois-midp,100,0.0098,0.0328,0.0000,Z > z(1−α/N),0.0571,1.0000,100,0.9630,1.0000,0.0000
Dispersion k = 1,S3,silence-z-2pois-midp-qhat,100,0.9906,0.0310,0.9000,−Z > z(1−α/N),0.0729,1.0000,100,0.9630,1.0000,0.9700
Dispersion k = 1,S3,burst-z-2pois-midp-qhat,100,0.0094,0.0310,0.0000,Z > z(1−α/N),0.0584,1.0000,100,0.9630,1.0000,0.0000
Dispersion k = 1,S3,silence-z-2pois-midp-phi,100,0.9902,0.0328,0.8800,−Z > z(1−α/N),0.0032,0.8300,83,0.7445,0.8911,0.5700
Dispersion k = 1,S3,burst-z-2pois-midp-phi,100,0.0098,0.0328,0.0000,Z > z(1−α/N),0.0020,0.6300,63,0.5322,0.7182,0.0000
Dispersion k = 1,S3,silence-z-2pois-midp-phibands,100,0.9982,0.0103,0.9700,−Z > z(1−α/N),0.0010,0.4600,46,0.3656,0.5574,0.4500
Dispersion k = 1,S3,burst-z-2pois-midp-phibands,100,0.0018,0.0103,0.0000,Z > z(1−α/N),0.0027,0.7600,76,0.6677,0.8331,0.0000
Dispersion k = 1,S3,silence-z-2pois-midp-qhat-phi,100,0.9906,0.0310,0.9000,−Z > z(1−α/N),0.0030,0.8300,83,0.7445,0.8911,0.5600
Dispersion k = 1,S3,burst-z-2pois-midp-qhat-phi,100,0.0094,0.0310,0.0000,Z > z(1−α/N),0.0021,0.6600,66,0.5628,0.7454,0.0000
Dispersion k = 1,S3,silence-z-2pois-midp-qhat-phibands,100,0.9984,0.0088,0.9800,−Z > z(1−α/N),0.0010,0.4600,46,0.3656,0.5574,0.4500
Dispersion k = 1,S3,burst-z-2pois-midp-qhat-phibands,100,0.0016,0.0088,0.0000,Z > z(1−α/N),0.0029,0.7700,77,0.6785,0.8416,0.0000
Dispersion k = 1,S4,silence-z-2pois-midp,100,0.5181,0.2977,0.0300,−Z > z(1−α/N),0.0729,1.0000,100,0.9630,1.0000,0.0800
Dispersion k = 1,S4,burst-z-2pois-midp,100,0.4819,0.2977,0.0400,Z > z(1−α/N),0.0573,1.0000,100,0.9630,1.0000,0.0800
Dispersion k = 1,S4,silence-z-2pois-midp-qhat,100,0.5192,0.2979,0.0300,−Z > z(1−α/N),0.0711,1.0000,100,0.9630,1.0000,0.0900
Dispersion k = 1,S4,burst-z-2pois-midp-qhat,100,0.4808,0.2979,0.0400,Z > z(1−α/N),0.0582,1.0000,100,0.9630,1.0000,0.0800
Dispersion k = 1,S4,silence-z-2pois-midp-phi,100,0.5181,0.2977,0.0300,−Z > z(1−α/N),0.0020,0.5900,59,0.4920,0.6813,0.0100
Dispersion k = 1,S4,burst-z-2pois-midp-phi,100,0.4819,0.2977,0.0400,Z > z(1−α/N),0.0021,0.6400,64,0.5424,0.7273,0.0100
Dispersion k = 1,S4,silence-z-2pois-midp-phibands,100,0.5443,0.2978,0.0300,−Z > z(1−α/N),0.0001,0.0500,5,0.0215,0.1118,0.0000
Dispersion k = 1,S4,burst-z-2pois-midp-phibands,100,0.4557,0.2978,0.0500,Z > z(1−α/N),0.0028,0.7700,77,0.6785,0.8416,0.0200
Dispersion k = 1,S4,silence-z-2pois-midp-qhat-phi,100,0.5192,0.2979,0.0300,−Z > z(1−α/N),0.0019,0.5900,59,0.4920,0.6813,0.0100
Dispersion k = 1,S4,burst-z-2pois-midp-qhat-phi,100,0.4808,0.2979,0.0400,Z > z(1−α/N),0.0021,0.6700,67,0.5731,0.7544,0.0100
Dispersion k = 1,S4,silence-z-2pois-midp-qhat-phibands,100,0.5454,0.2975,0.0300,−Z > z(1−α/N),0.0001,0.0400,4,0.0157,0.0984,0.0000
Dispersion k = 1,S4,burst-z-2pois-midp-qhat-phibands,100,0.4546,0.2975,0.0500,Z > z(1−α/N),0.0029,0.7700,77,0.6785,0.8416,0.0200
Dispersion k = 1,S5,silence-z-2pois-midp,100,0.0007,0.0024,0.0000,−Z > z(1−α/N),0.0720,1.0000,100,0.9630,1.0000,0.0000
Dispersion k = 1,S5,burst-z-2pois-midp,100,0.9993,0.0024,1.0000,Z > z(1−α/N),0.0607,1.0000,100,0.9630,1.0000,1.0000
Dispersion k = 1,S5,silence-z-2pois-midp-qhat,100,0.0007,0.0024,0.0000,−Z > z(1−α/N),0.0731,1.0000,100,0.9630,1.0000,0.0000
Dispersion k = 1,S5,burst-z-2pois-midp-qhat,100,0.9993,0.0024,1.0000,Z > z(1−α/N),0.0591,1.0000,100,0.9630,1.0000,1.0000
Dispersion k = 1,S5,silence-z-2pois-midp-phi,100,0.0007,0.0024,0.0000,−Z > z(1−α/N),0.0020,0.5800,58,0.4821,0.6720,0.0000
Dispersion k = 1,S5,burst-z-2pois-midp-phi,100,0.9993,0.0024,1.0000,Z > z(1−α/N),0.0041,0.9700,97,0.9155,0.9897,0.9200
Dispersion k = 1,S5,silence-z-2pois-midp-phibands,100,0.0004,0.0015,0.0000,−Z > z(1−α/N),0.0001,0.0500,5,0.0215,0.1118,0.0000
Dispersion k = 1,S5,burst-z-2pois-midp-phibands,100,0.9996,0.0015,1.0000,Z > z(1−α/N),0.0048,0.9800,98,0.9300,0.9945,0.9400
Dispersion k = 1,S5,silence-z-2pois-midp-qhat-phi,100,0.0007,0.0024,0.0000,−Z > z(1−α/N),0.0019,0.5900,59,0.4920,0.6813,0.0000
Dispersion k = 1,S5,burst-z-2pois-midp-qhat-phi,100,0.9993,0.0024,1.0000,Z > z(1−α/N),0.0041,0.9800,98,0.9300,0.9945,0.9200
Dispersion k = 1,S5,silence-z-2pois-midp-qhat-phibands,100,0.0004,0.0015,0.0000,−Z > z(1−α/N),0.0001,0.0500,5,0.0215,0.1118,0.0000
Dispersion k = 1,S5,burst-z-2pois-midp-qhat-phibands,100,0.9996,0.0015,1.0000,Z > z(1−α/N),0.0045,0.9900,99,0.9455,0.9982,0.9400
Trend +0.05,S0,silence-z-2pois-midp,100,,,,−Z > z(1−α/N),0.0000,0.0000,0,0.0000,0.0370,
Trend +0.05,S0,burst-z-2pois-midp,100,,,,Z > z(1−α/N),0.3904,1.0000,100,0.9630,1.0000,
Trend +0.05,S0,silence-z-2pois-midp-qhat,100,,,,−Z > z(1−α/N),0.0001,0.0600,6,0.0278,0.1248,
Trend +0.05,S0,burst-z-2pois-midp-qhat,100,,,,Z > z(1−α/N),0.0001,0.0500,5,0.0215,0.1118,
Trend +0.05,S0,silence-z-2pois-midp-phi,100,,,,−Z > z(1−α/N),0.0000,0.0000,0,0.0000,0.0370,
Trend +0.05,S0,burst-z-2pois-midp-phi,100,,,,Z > z(1−α/N),0.3893,1.0000,100,0.9630,1.0000,
Trend +0.05,S0,silence-z-2pois-midp-phibands,100,,,,−Z > z(1−α/N),0.0000,0.0000,0,0.0000,0.0370,
Trend +0.05,S0,burst-z-2pois-midp-phibands,100,,,,Z > z(1−α/N),0.3749,1.0000,100,0.9630,1.0000,
Trend +0.05,S0,silence-z-2pois-midp-qhat-phi,100,,,,−Z > z(1−α/N),0.0001,0.0600,6,0.0278,0.1248,
Trend +0.05,S0,burst-z-2pois-midp-qhat-phi,100,,,,Z > z(1−α/N),0.0001,0.0500,5,0.0215,0.1118,
Trend +0.05,S0,silence-z-2pois-midp-qhat-phibands,100,,,,−Z > z(1−α/N),0.0001,0.0300,3,0.0103,0.0845,
Trend +0.05,S0,burst-z-2pois-midp-qhat-phibands,100,,,,Z > z(1−α/N),0.0001,0.0500,5,0.0215,0.1118,
Trend +0.05,S1,silence-z-2pois-midp,100,1.0000,0.0000,1.0000,−Z > z(1−α/N),0.0023,1.0000,100,0.9630,1.0000,1.0000
Trend +0.05,S1,burst-z-2pois-midp,100,0.0000,0.0000,0.0000,Z > z(1−α/N),0.3861,1.0000,100,0.9630,1.0000,0.0000
Trend +0.05,S1,silence-z-2pois-midp-qhat,100,1.0000,0.0000,1.0000,−Z > z(1−α/N),0.0035,1.0000,100,0.9630,1.0000,1.0000
Trend +0.05,S1,burst-z-2pois-midp-qhat,100,0.0000,0.0000,0.0000,Z > z(1−α/N),0.0001,0.0500,5,0.0215,0.1118,0.0000
Trend +0.05,S1,silence-z-2pois-midp-phi,100,1.0000,0.0000,1.0000,−Z > z(1−α/N),0.0023,1.0000,100,0.9630,1.0000,1.0000
Trend +0.05,S1,burst-z-2pois-midp-phi,100,0.0000,0.0000,0.0000,Z > z(1−α/N),0.3850,1.0000,100,0.9630,1.0000,0.0000
Trend +0.05,S1,silence-z-2pois-midp-phibands,100,1.0000,0.0000,1.0000,−Z > z(1−α/N),0.0022,1.0000,100,0.9630,1.0000,1.0000
Trend +0.05,S1,burst-z-2pois-midp-phibands,100,0.0000,0.0000,0.0000,Z > z(1−α/N),0.3707,1.0000,100,0.9630,1.0000,0.0000
Trend +0.05,S1,silence-z-2pois-midp-qhat-phi,100,1.0000,0.0000,1.0000,−Z > z(1−α/N),0.0035,1.0000,100,0.9630,1.0000,1.0000
Trend +0.05,S1,burst-z-2pois-midp-qhat-phi,100,0.0000,0.0000,0.0000,Z > z(1−α/N),0.0001,0.0500,5,0.0215,0.1118,0.0000
Trend +0.05,S1,silence-z-2pois-midp-qhat-phibands,100,1.0000,0.0000,1.0000,−Z > z(1−α/N),0.0035,1.0000,100,0.9630,1.0000,1.0000
Trend +0.05,S1,burst-z-2pois-midp-qhat-phibands,100,0.0000,0.0000,0.0000,Z > z(1−α/N),0.0001,0.0500,5,0.0215,0.1118,0.0000
Trend +0.05,S2,silence-z-2pois-midp,100,1.0000,0.0000,1.0000,−Z > z(1−α/N),0.0020,0.9900,99,0.9455,0.9982,0.9900
Trend +0.05,S2,burst-z-2pois-midp,100,0.0000,0.0000,0.0000,Z > z(1−α/N),0.3871,1.0000,100,0.9630,1.0000,0.0000
Trend +0.05,S2,silence-z-2pois-midp-qhat,100,1.0000,0.0000,1.0000,−Z > z(1−α/N),0.0024,1.0000,100,0.9630,1.0000,1.0000
Trend +0.05,S2,burst-z-2pois-midp-qhat,100,0.0000,0.0000,0.0000,Z > z(1−α/N),0.0001,0.0500,5,0.0215,0.1118,0.0000
Trend +0.05,S2,silence-z-2pois-midp-phi,100,1.0000,0.0000,1.0000,−Z > z(1−α/N),0.0020,0.9900,99,0.9455,0.9982,0.9900
Trend +0.05,S2,burst-z-2pois-midp-phi,100,0.0000,0.0000,0.0000,Z > z(1−α/N),0.3859,1.0000,100,0.9630,1.0000,0.0000
Trend +0.05,S2,silence-z-2pois-midp-phibands,100,1.0000,0.0000,1.0000,−Z > z(1−α/N),0.0020,0.9900,99,0.9455,0.9982,0.9900
Trend +0.05,S2,burst-z-2pois-midp-phibands,100,0.0000,0.0000,0.0000,Z > z(1−α/N),0.3716,1.0000,100,0.9630,1.0000,0.0000
Trend +0.05,S2,silence-z-2pois-midp-qhat-phi,100,1.0000,0.0000,1.0000,−Z > z(1−α/N),0.0024,1.0000,100,0.9630,1.0000,1.0000
Trend +0.05,S2,burst-z-2pois-midp-qhat-phi,100,0.0000,0.0000,0.0000,Z > z(1−α/N),0.0001,0.0500,5,0.0215,0.1118,0.0000
Trend +0.05,S2,silence-z-2pois-midp-qhat-phibands,100,1.0000,0.0000,1.0000,−Z > z(1−α/N),0.0023,1.0000,100,0.9630,1.0000,1.0000
Trend +0.05,S2,burst-z-2pois-midp-qhat-phibands,100,0.0000,0.0000,0.0000,Z > z(1−α/N),0.0001,0.0500,5,0.0215,0.1118,0.0000
Trend +0.05,S3,silence-z-2pois-midp,100,1.0000,0.0000,1.0000,−Z > z(1−α/N),0.0020,0.9900,99,0.9455,0.9982,0.9900
Trend +0.05,S3,burst-z-2pois-midp,100,0.0000,0.0000,0.0000,Z > z(1−α/N),0.3881,1.0000,100,0.9630,1.0000,0.0000
Trend +0.05,S3,silence-z-2pois-midp-qhat,100,1.0000,0.0000,1.0000,−Z > z(1−α/N),0.0022,0.9900,99,0.9455,0.9982,0.9900
Trend +0.05,S3,burst-z-2pois-midp-qhat,100,0.0000,0.0000,0.0000,Z > z(1−α/N),0.0001,0.0500,5,0.0215,0.1118,0.0000
Trend +0.05,S3,silence-z-2pois-midp-phi,100,1.0000,0.0000,1.0000,−Z > z(1−α/N),0.0020,0.9900,99,0.9455,0.9982,0.9900
Trend +0.05,S3,burst-z-2pois-midp-phi,100,0.0000,0.0000,0.0000,Z > z(1−α/N),0.3870,1.0000,100,0.9630,1.0000,0.0000
Trend +0.05,S3,silence-z-2pois-midp-phibands,100,1.0000,0.0000,1.0000,−Z > z(1−α/N),0.0020,0.9900,99,0.9455,0.9982,0.9900
Trend +0.05,S3,burst-z-2pois-midp-phibands,100,0.0000,0.0000,0.0000,Z > z(1−α/N),0.3726,1.0000,100,0.9630,1.0000,0.0000
Trend +0.05,S3,silence-z-2pois-midp-qhat-phi,100,1.0000,0.0000,1.0000,−Z > z(1−α/N),0.0022,0.9900,99,0.9455,0.9982,0.9900
Trend +0.05,S3,burst-z-2pois-midp-qhat-phi,100,0.0000,0.0000,0.0000,Z > z(1−α/N),0.0001,0.0500,5,0.0215,0.1118,0.0000
Trend +0.05,S3,silence-z-2pois-midp-qhat-phibands,100,1.0000,0.0000,1.0000,−Z > z(1−α/N),0.0022,0.9900,99,0.9455,0.9982,0.9900
Trend +0.05,S3,burst-z-2pois-midp-qhat-phibands,100,0.0000,0.0000,0.0000,Z > z(1−α/N),0.0001,0.0500,5,0.0215,0.1118,0.0000
Trend +0.05,S4,silence-z-2pois-midp,100,0.7974,0.1655,0.1000,−Z > z(1−α/N),0.0000,0.0000,0,0.0000,0.0370,0.0000
Trend +0.05,S4,burst-z-2pois-midp,100,0.2026,0.1655,0.0000,Z > z(1−α/N),0.3904,1.0000,100,0.9630,1.0000,0.0000
Trend +0.05,S4,silence-z-2pois-midp-qhat,100,0.5097,0.2707,0.0300,−Z > z(1−α/N),0.0001,0.0600,6,0.0278,0.1248,0.0000
Trend +0.05,S4,burst-z-2pois-midp-qhat,100,0.4903,0.2707,0.0000,Z > z(1−α/N),0.0001,0.0500,5,0.0215,0.1118,0.0000
Trend +0.05,S4,silence-z-2pois-midp-phi,100,0.7974,0.1655,0.1000,−Z > z(1−α/N),0.0000,0.0000,0,0.0000,0.0370,0.0000
Trend +0.05,S4,burst-z-2pois-midp-phi,100,0.2026,0.1655,0.0000,Z > z(1−α/N),0.3893,1.0000,100,0.9630,1.0000,0.0000
Trend +0.05,S4,silence-z-2pois-midp-phibands,100,0.8002,0.1601,0.1000,−Z > z(1−α/N),0.0000,0.0000,0,0.0000,0.0370,0.0000
Trend +0.05,S4,burst-z-2pois-midp-phibands,100,0.1998,0.1601,0.0000,Z > z(1−α/N),0.3749,1.0000,100,0.9630,1.0000,0.0000
Trend +0.05,S4,silence-z-2pois-midp-qhat-phi,100,0.5097,0.2707,0.0300,−Z > z(1−α/N),0.0001,0.0600,6,0.0278,0.1248,0.0000
Trend +0.05,S4,burst-z-2pois-midp-qhat-phi,100,0.4903,0.2707,0.0000,Z > z(1−α/N),0.0001,0.0500,5,0.0215,0.1118,0.0000
Trend +0.05,S4,silence-z-2pois-midp-qhat-phibands,100,0.5120,0.2710,0.0300,−Z > z(1−α/N),0.0001,0.0300,3,0.0103,0.0845,0.0000
Trend +0.05,S4,burst-z-2pois-midp-qhat-phibands,100,0.4880,0.2710,0.0000,Z > z(1−α/N),0.0001,0.0500,5,0.0215,0.1118,0.0000
Trend +0.05,S5,silence-z-2pois-midp,100,0.0000,0.0000,0.0000,−Z > z(1−α/N),0.0000,0.0000,0,0.0000,0.0370,0.0000
Trend +0.05,S5,burst-z-2pois-midp,100,1.0000,0.0000,1.0000,Z > z(1−α/N),0.3962,1.0000,100,0.9630,1.0000,1.0000
Trend +0.05,S5,silence-z-2pois-midp-qhat,100,0.0000,0.0000,0.0000,−Z > z(1−α/N),0.0001,0.0600,6,0.0278,0.1248,0.0000
Trend +0.05,S5,burst-z-2pois-midp-qhat,100,1.0000,0.0000,1.0000,Z > z(1−α/N),0.0032,1.0000,100,0.9630,1.0000,1.0000
Trend +0.05,S5,silence-z-2pois-midp-phi,100,0.0000,0.0000,0.0000,−Z > z(1−α/N),0.0000,0.0000,0,0.0000,0.0370,0.0000
Trend +0.05,S5,burst-z-2pois-midp-phi,100,1.0000,0.0000,1.0000,Z > z(1−α/N),0.3951,1.0000,100,0.9630,1.0000,1.0000
Trend +0.05,S5,silence-z-2pois-midp-phibands,100,0.0000,0.0000,0.0000,−Z > z(1−α/N),0.0000,0.0000,0,0.0000,0.0370,0.0000
Trend +0.05,S5,burst-z-2pois-midp-phibands,100,1.0000,0.0000,1.0000,Z > z(1−α/N),0.3809,1.0000,100,0.9630,1.0000,1.0000
Trend +0.05,S5,silence-z-2pois-midp-qhat-phi,100,0.0000,0.0000,0.0000,−Z > z(1−α/N),0.0001,0.0600,6,0.0278,0.1248,0.0000
Trend +0.05,S5,burst-z-2pois-midp-qhat-phi,100,1.0000,0.0000,1.0000,Z > z(1−α/N),0.0032,1.0000,100,0.9630,1.0000,1.0000
Trend +0.05,S5,silence-z-2pois-midp-qhat-phibands,100,0.0000,0.0000,0.0000,−Z > z(1−α/N),0.0001,0.0500,5,0.0215,0.1118,0.0000
Trend +0.05,S5,burst-z-2pois-midp-qhat-phibands,100,1.0000,0.0000,1.0000,Z > z(1−α/N),0.0031,1.0000,100,0.9630,1.0000,1.0000
Trend +0.15,S0,silence-z-2pois-midp,100,,,,−Z > z(1−α/N),0.0000,0.0000,0,0.0000,0.0370,
Trend +0.15,S0,burst-z-2pois-midp,100,,,,Z > z(1−α/N),0.9937,1.0000,100,0.9630,1.0000,
Trend +0.15,S0,silence-z-2pois-midp-qhat,100,,,,−Z > z(1−α/N),0.0002,0.0900,9,0.0481,0.1623,
Trend +0.15,S0,burst-z-2pois-midp-qhat,100,,,,Z > z(1−α/N),0.0001,0.0400,4,0.0157,0.0984,
Trend +0.15,S0,silence-z-2pois-midp-phi,100,,,,−Z > z(1−α/N),0.0000,0.0000,0,0.0000,0.0370,
Trend +0.15,S0,burst-z-2pois-midp-phi,100,,,,Z > z(1−α/N),0.9776,1.0000,100,0.9630,1.0000,
Trend +0.15,S0,silence-z-2pois-midp-phibands,100,,,,−Z > z(1−α/N),0.0000,0.0000,0,0.0000,0.0370,
Trend +0.15,S0,burst-z-2pois-midp-phibands,100,,,,Z > z(1−α/N),0.9830,1.0000,100,0.9630,1.0000,
Trend +0.15,S0,silence-z-2pois-midp-qhat-phi,100,,,,−Z > z(1−α/N),0.0000,0.0000,0,0.0000,0.0370,
Trend +0.15,S0,burst-z-2pois-midp-qhat-phi,100,,,,Z > z(1−α/N),0.0000,0.0000,0,0.0000,0.0370,
Trend +0.15,S0,silence-z-2pois-midp-qhat-phibands,100,,,,−Z > z(1−α/N),0.0000,0.0000,0,0.0000,0.0370,
Trend +0.15,S0,burst-z-2pois-midp-qhat-phibands,100,,,,Z > z(1−α/N),0.0000,0.0000,0,0.0000,0.0370,
Trend +0.15,S1,silence-z-2pois-midp,100,1.0000,0.0000,1.0000,−Z > z(1−α/N),0.0021,1.0000,100,0.9630,1.0000,1.0000
Trend +0.15,S1,burst-z-2pois-midp,100,0.0000,0.0000,0.0000,Z > z(1−α/N),0.9904,1.0000,100,0.9630,1.0000,0.0000
Trend +0.15,S1,silence-z-2pois-midp-qhat,100,1.0000,0.0000,1.0000,−Z > z(1−α/N),0.0057,1.0000,100,0.9630,1.0000,1.0000
Trend +0.15,S1,burst-z-2pois-midp-qhat,100,0.0000,0.0000,0.0000,Z > z(1−α/N),0.0001,0.0400,4,0.0157,0.0984,0.0000
Trend +0.15,S1,silence-z-2pois-midp-phi,100,1.0000,0.0000,1.0000,−Z > z(1−α/N),0.0020,1.0000,100,0.9630,1.0000,1.0000
Trend +0.15,S1,burst-z-2pois-midp-phi,100,0.0000,0.0000,0.0000,Z > z(1−α/N),0.9740,1.0000,100,0.9630,1.0000,0.0000
Trend +0.15,S1,silence-z-2pois-midp-phibands,100,1.0000,0.0000,1.0000,−Z > z(1−α/N),0.0020,1.0000,100,0.9630,1.0000,1.0000
Trend +0.15,S1,burst-z-2pois-midp-phibands,100,0.0000,0.0000,0.0000,Z > z(1−α/N),0.9793,1.0000,100,0.9630,1.0000,0.0000
Trend +0.15,S1,silence-z-2pois-midp-qhat-phi,100,1.0000,0.0000,1.0000,−Z > z(1−α/N),0.0037,1.0000,100,0.9630,1.0000,1.0000
Trend +0.15,S1,burst-z-2pois-midp-qhat-phi,100,0.0000,0.0000,0.0000,Z > z(1−α/N),0.0000,0.0000,0,0.0000,0.0370,0.0000
Trend +0.15,S1,silence-z-2pois-midp-qhat-phibands,100,1.0000,0.0000,1.0000,−Z > z(1−α/N),0.0032,1.0000,100,0.9630,1.0000,1.0000
Trend +0.15,S1,burst-z-2pois-midp-qhat-phibands,100,0.0000,0.0000,0.0000,Z > z(1−α/N),0.0000,0.0000,0,0.0000,0.0370,0.0000
Trend +0.15,S2,silence-z-2pois-midp,100,1.0000,0.0000,1.0000,−Z > z(1−α/N),0.0012,0.5900,59,0.4920,0.6813,0.5900
Trend +0.15,S2,burst-z-2pois-midp,100,0.0000,0.0000,0.0000,Z > z(1−α/N),0.9914,1.0000,100,0.9630,1.0000,0.0000
Trend +0.15,S2,silence-z-2pois-midp-qhat,100,1.0000,0.0000,1.0000,−Z > z(1−α/N),0.0031,1.0000,100,0.9630,1.0000,1.0000
Trend +0.15,S2,burst-z-2pois-midp-qhat,100,0.0000,0.0000,0.0000,Z > z(1−α/N),0.0001,0.0400,4,0.0157,0.0984,0.0000
Trend +0.15,S2,silence-z-2pois-midp-phi,100,1.0000,0.0000,1.0000,−Z > z(1−α/N),0.0006,0.2800,28,0.2014,0.3749,0.2800
Trend +0.15,S2,burst-z-2pois-midp-phi,100,0.0000,0.0000,0.0000,Z > z(1−α/N),0.9749,1.0000,100,0.9630,1.0000,0.0000
Trend +0.15,S2,silence-z-2pois-midp-phibands,100,1.0000,0.0000,1.0000,−Z > z(1−α/N),0.0003,0.1600,16,0.1010,0.2442,0.1600
Trend +0.15,S2,burst-z-2pois-midp-phibands,100,0.0000,0.0000,0.0000,Z > z(1−α/N),0.9803,1.0000,100,0.9630,1.0000,0.0000
Trend +0.15,S2,silence-z-2pois-midp-qhat-phi,100,1.0000,0.0000,1.0000,−Z > z(1−α/N),0.0023,1.0000,100,0.9630,1.0000,1.0000
Trend +0.15,S2,burst-z-2pois-midp-qhat-phi,100,0.0000,0.0000,0.0000,Z > z(1−α/N),0.0000,0.0000,0,0.0000,0.0370,0.0000
Trend +0.15,S2,silence-z-2pois-midp-qhat-phibands,100,1.0000,0.0000,1.0000,−Z > z(1−α/N),0.0020,1.0000,100,0.9630,1.0000,1.0000
Trend +0.15,S2,burst-z-2pois-midp-qhat-phibands,100,0.0000,0.0000,0.0000,Z > z(1−α/N),0.0000,0.0000,0,0.0000,0.0370,0.0000
Trend +0.15,S3,silence-z-2pois-midp,100,1.0000,0.0000,1.0000,−Z > z(1−α/N),0.0020,0.9900,99,0.9455,0.9982,0.9900
Trend +0.15,S3,burst-z-2pois-midp,100,0.0000,0.0000,0.0000,Z > z(1−α/N),0.9917,1.0000,100,0.9630,1.0000,0.0000
Trend +0.15,S3,silence-z-2pois-midp-qhat,100,1.0000,0.0000,1.0000,−Z > z(1−α/N),0.0027,1.0000,100,0.9630,1.0000,1.0000
Trend +0.15,S3,burst-z-2pois-midp-qhat,100,0.0000,0.0000,0.0000,Z > z(1−α/N),0.0001,0.0400,4,0.0157,0.0984,0.0000
Trend +0.15,S3,silence-z-2pois-midp-phi,100,1.0000,0.0000,1.0000,−Z > z(1−α/N),0.0020,0.9900,99,0.9455,0.9982,0.9900
Trend +0.15,S3,burst-z-2pois-midp-phi,100,0.0000,0.0000,0.0000,Z > z(1−α/N),0.9756,1.0000,100,0.9630,1.0000,0.0000
Trend +0.15,S3,silence-z-2pois-midp-phibands,100,1.0000,0.0000,1.0000,−Z > z(1−α/N),0.0020,0.9900,99,0.9455,0.9982,0.9900
Trend +0.15,S3,burst-z-2pois-midp-phibands,100,0.0000,0.0000,0.0000,Z > z(1−α/N),0.9810,1.0000,100,0.9630,1.0000,0.0000
Trend +0.15,S3,silence-z-2pois-midp-qhat-phi,100,1.0000,0.0000,1.0000,−Z > z(1−α/N),0.0022,1.0000,100,0.9630,1.0000,1.0000
Trend +0.15,S3,burst-z-2pois-midp-qhat-phi,100,0.0000,0.0000,0.0000,Z > z(1−α/N),0.0000,0.0000,0,0.0000,0.0370,0.0000
Trend +0.15,S3,silence-z-2pois-midp-qhat-phibands,100,1.0000,0.0000,1.0000,−Z > z(1−α/N),0.0021,1.0000,100,0.9630,1.0000,1.0000
Trend +0.15,S3,burst-z-2pois-midp-qhat-phibands,100,0.0000,0.0000,0.0000,Z > z(1−α/N),0.0000,0.0000,0,0.0000,0.0370,0.0000
Trend +0.15,S4,silence-z-2pois-midp,100,0.8809,0.1261,0.1900,−Z > z(1−α/N),0.0000,0.0000,0,0.0000,0.0370,0.0000
Trend +0.15,S4,burst-z-2pois-midp,100,0.1191,0.1261,0.0000,Z > z(1−α/N),0.9937,1.0000,100,0.9630,1.0000,0.9400
Trend +0.15,S4,silence-z-2pois-midp-qhat,100,0.5101,0.2801,0.0200,−Z > z(1−α/N),0.0002,0.0900,9,0.0481,0.1623,0.0000
Trend +0.15,S4,burst-z-2pois-midp-qhat,100,0.4899,0.2801,0.0100,Z > z(1−α/N),0.0001,0.0400,4,0.0157,0.0984,0.0000
Trend +0.15,S4,silence-z-2pois-midp-phi,100,0.8809,0.1261,0.1900,−Z > z(1−α/N),0.0000,0.0000,0,0.0000,0.0370,0.0000
Trend +0.15,S4,burst-z-2pois-midp-phi,100,0.1191,0.1261,0.0000,Z > z(1−α/N),0.9776,1.0000,100,0.9630,1.0000,0.8300
Trend +0.15,S4,silence-z-2pois-midp-phibands,100,0.9209,0.0716,0.1800,−Z > z(1−α/N),0.0000,0.0000,0,0.0000,0.0370,0.0000
Trend +0.15,S4,burst-z-2pois-midp-phibands,100,0.0791,0.0716,0.0000,Z > z(1−α/N),0.9830,1.0000,100,0.9630,1.0000,0.8600
Trend +0.15,S4,silence-z-2pois-midp-qhat-phi,100,0.5101,0.2801,0.0200,−Z > z(1−α/N),0.0000,0.0000,0,0.0000,0.0370,0.0000
Trend +0.15,S4,burst-z-2pois-midp-qhat-phi,100,0.4899,0.2801,0.0100,Z > z(1−α/N),0.0000,0.0000,0,0.0000,0.0370,0.0000
Trend +0.15,S4,silence-z-2pois-midp-qhat-phibands,100,0.5195,0.2735,0.0200,−Z > z(1−α/N),0.0000,0.0000,0,0.0000,0.0370,0.0000
Trend +0.15,S4,burst-z-2pois-midp-qhat-phibands,100,0.4805,0.2735,0.0000,Z > z(1−α/N),0.0000,0.0000,0,0.0000,0.0370,0.0000
Trend +0.15,S5,silence-z-2pois-midp,100,0.0057,0.0088,0.0000,−Z > z(1−α/N),0.0000,0.0000,0,0.0000,0.0370,0.0000
Trend +0.15,S5,burst-z-2pois-midp,100,0.9943,0.0088,0.9300,Z > z(1−α/N),0.9937,1.0000,100,0.9630,1.0000,1.0000
Trend +0.15,S5,silence-z-2pois-midp-qhat,100,0.0000,0.0000,0.0000,−Z > z(1−α/N),0.0002,0.1000,10,0.0552,0.1744,0.0000
Trend +0.15,S5,burst-z-2pois-midp-qhat,100,1.0000,0.0000,1.0000,Z > z(1−α/N),0.0046,1.0000,100,0.9630,1.0000,1.0000
Trend +0.15,S5,silence-z-2pois-midp-phi,100,0.0057,0.0088,0.0000,−Z > z(1−α/N),0.0000,0.0000,0,0.0000,0.0370,0.0000
Trend +0.15,S5,burst-z-2pois-midp-phi,100,0.9943,0.0088,0.9300,Z > z(1−α/N),0.9776,1.0000,100,0.9630,1.0000,1.0000
Trend +0.15,S5,silence-z-2pois-midp-phibands,100,0.0025,0.0043,0.0000,−Z > z(1−α/N),0.0000,0.0000,0,0.0000,0.0370,0.0000
Trend +0.15,S5,burst-z-2pois-midp-phibands,100,0.9975,0.0043,0.9900,Z > z(1−α/N),0.9830,1.0000,100,0.9630,1.0000,1.0000
Trend +0.15,S5,silence-z-2pois-midp-qhat-phi,100,0.0000,0.0000,0.0000,−Z > z(1−α/N),0.0000,0.0000,0,0.0000,0.0370,0.0000
Trend +0.15,S5,burst-z-2pois-midp-qhat-phi,100,1.0000,0.0000,1.0000,Z > z(1−α/N),0.0031,1.0000,100,0.9630,1.0000,1.0000
Trend +0.15,S5,silence-z-2pois-midp-qhat-phibands,100,0.0000,0.0000,0.0000,−Z > z(1−α/N),0.0000,0.0000,0,0.0000,0.0370,0.0000
Trend +0.15,S5,burst-z-2pois-midp-qhat-phibands,100,1.0000,0.0000,1.0000,Z > z(1−α/N),0.0028,1.0000,100,0.9630,1.0000,1.0000
"Seasonality A = 0.3, P = 4",S0,silence-z-2pois-midp,100,,,,−Z > z(1−α/N),0.0001,0.0300,3,0.0103,0.0845,
"Seasonality A = 0.3, P = 4",S0,burst-z-2pois-midp,100,,,,Z > z(1−α/N),0.0000,0.0200,2,0.0055,0.0700,
"Seasonality A = 0.3, P = 4",S0,silence-z-2pois-midp-qhat,100,,,,−Z > z(1−α/N),0.0000,0.0200,2,0.0055,0.0700,
"Seasonality A = 0.3, P = 4",S0,burst-z-2pois-midp-qhat,100,,,,Z > z(1−α/N),0.0000,0.0200,2,0.0055,0.0700,
"Seasonality A = 0.3, P = 4",S0,silence-z-2pois-midp-phi,100,,,,−Z > z(1−α/N),0.0000,0.0100,1,0.0018,0.0545,
"Seasonality A = 0.3, P = 4",S0,burst-z-2pois-midp-phi,100,,,,Z > z(1−α/N),0.0000,0.0200,2,0.0055,0.0700,
"Seasonality A = 0.3, P = 4",S0,silence-z-2pois-midp-phibands,100,,,,−Z > z(1−α/N),0.0000,0.0000,0,0.0000,0.0370,
"Seasonality A = 0.3, P = 4",S0,burst-z-2pois-midp-phibands,100,,,,Z > z(1−α/N),0.0000,0.0200,2,0.0055,0.0700,
"Seasonality A = 0.3, P = 4",S0,silence-z-2pois-midp-qhat-phi,100,,,,−Z > z(1−α/N),0.0000,0.0100,1,0.0018,0.0545,
"Seasonality A = 0.3, P = 4",S0,burst-z-2pois-midp-qhat-phi,100,,,,Z > z(1−α/N),0.0000,0.0100,1,0.0018,0.0545,
"Seasonality A = 0.3, P = 4",S0,silence-z-2pois-midp-qhat-phibands,100,,,,−Z > z(1−α/N),0.0000,0.0000,0,0.0000,0.0370,
"Seasonality A = 0.3, P = 4",S0,burst-z-2pois-midp-qhat-phibands,100,,,,Z > z(1−α/N),0.0000,0.0100,1,0.0018,0.0545,
"Seasonality A = 0.3, P = 4",S1,silence-z-2pois-midp,100,1.0000,0.0000,1.0000,−Z > z(1−α/N),0.0028,1.0000,100,0.9630,1.0000,1.0000
"Seasonality A = 0.3, P = 4",S1,burst-z-2pois-midp,100,0.0000,0.0000,0.0000,Z > z(1−α/N),0.0000,0.0200,2,0.0055,0.0700,0.0000
"Seasonality A = 0.3, P = 4",S1,silence-z-2pois-midp-qhat,100,1.0000,0.0000,1.0000,−Z > z(1−α/N),0.0028,1.0000,100,0.9630,1.0000,1.0000
"Seasonality A = 0.3, P = 4",S1,burst-z-2pois-midp-qhat,100,0.0000,0.0000,0.0000,Z > z(1−α/N),0.0001,0.0300,3,0.0103,0.0845,0.0000
"Seasonality A = 0.3, P = 4",S1,silence-z-2pois-midp-phi,100,1.0000,0.0000,1.0000,−Z > z(1−α/N),0.0026,1.0000,100,0.9630,1.0000,1.0000
"Seasonality A = 0.3, P = 4",S1,burst-z-2pois-midp-phi,100,0.0000,0.0000,0.0000,Z > z(1−α/N),0.0000,0.0200,2,0.0055,0.0700,0.0000
"Seasonality A = 0.3, P = 4",S1,silence-z-2pois-midp-phibands,100,1.0000,0.0000,1.0000,−Z > z(1−α/N),0.0024,1.0000,100,0.9630,1.0000,1.0000
"Seasonality A = 0.3, P = 4",S1,burst-z-2pois-midp-phibands,100,0.0000,0.0000,0.0000,Z > z(1−α/N),0.0000,0.0200,2,0.0055,0.0700,0.0000
"Seasonality A = 0.3, P = 4",S1,silence-z-2pois-midp-qhat-phi,100,1.0000,0.0000,1.0000,−Z > z(1−α/N),0.0026,1.0000,100,0.9630,1.0000,1.0000
"Seasonality A = 0.3, P = 4",S1,burst-z-2pois-midp-qhat-phi,100,0.0000,0.0000,0.0000,Z > z(1−α/N),0.0000,0.0100,1,0.0018,0.0545,0.0000
"Seasonality A = 0.3, P = 4",S1,silence-z-2pois-midp-qhat-phibands,100,1.0000,0.0000,1.0000,−Z > z(1−α/N),0.0024,1.0000,100,0.9630,1.0000,1.0000
"Seasonality A = 0.3, P = 4",S1,burst-z-2pois-midp-qhat-phibands,100,0.0000,0.0000,0.0000,Z > z(1−α/N),0.0000,0.0100,1,0.0018,0.0545,0.0000
"Seasonality A = 0.3, P = 4",S2,silence-z-2pois-midp,100,1.0000,0.0000,1.0000,−Z > z(1−α/N),0.0022,1.0000,100,0.9630,1.0000,1.0000
"Seasonality A = 0.3, P = 4",S2,burst-z-2pois-midp,100,0.0000,0.0000,0.0000,Z > z(1−α/N),0.0000,0.0200,2,0.0055,0.0700,0.0000
"Seasonality A = 0.3, P = 4",S2,silence-z-2pois-midp-qhat,100,1.0000,0.0000,1.0000,−Z > z(1−α/N),0.0022,1.0000,100,0.9630,1.0000,1.0000
"Seasonality A = 0.3, P = 4",S2,burst-z-2pois-midp-qhat,100,0.0000,0.0000,0.0000,Z > z(1−α/N),0.0001,0.0300,3,0.0103,0.0845,0.0000
"Seasonality A = 0.3, P = 4",S2,silence-z-2pois-midp-phi,100,1.0000,0.0000,1.0000,−Z > z(1−α/N),0.0021,1.0000,100,0.9630,1.0000,1.0000
"Seasonality A = 0.3, P = 4",S2,burst-z-2pois-midp-phi,100,0.0000,0.0000,0.0000,Z > z(1−α/N),0.0000,0.0200,2,0.0055,0.0700,0.0000
"Seasonality A = 0.3, P = 4",S2,silence-z-2pois-midp-phibands,100,1.0000,0.0000,1.0000,−Z > z(1−α/N),0.0020,1.0000,100,0.9630,1.0000,1.0000
"Seasonality A = 0.3, P = 4",S2,burst-z-2pois-midp-phibands,100,0.0000,0.0000,0.0000,Z > z(1−α/N),0.0000,0.0200,2,0.0055,0.0700,0.0000
"Seasonality A = 0.3, P = 4",S2,silence-z-2pois-midp-qhat-phi,100,1.0000,0.0000,1.0000,−Z > z(1−α/N),0.0021,0.9900,99,0.9455,0.9982,0.9900
"Seasonality A = 0.3, P = 4",S2,burst-z-2pois-midp-qhat-phi,100,0.0000,0.0000,0.0000,Z > z(1−α/N),0.0000,0.0100,1,0.0018,0.0545,0.0000
"Seasonality A = 0.3, P = 4",S2,silence-z-2pois-midp-qhat-phibands,100,1.0000,0.0000,1.0000,−Z > z(1−α/N),0.0020,1.0000,100,0.9630,1.0000,1.0000
"Seasonality A = 0.3, P = 4",S2,burst-z-2pois-midp-qhat-phibands,100,0.0000,0.0000,0.0000,Z > z(1−α/N),0.0000,0.0100,1,0.0018,0.0545,0.0000
"Seasonality A = 0.3, P = 4",S3,silence-z-2pois-midp,100,1.0000,0.0000,1.0000,−Z > z(1−α/N),0.0021,0.9900,99,0.9455,0.9982,0.9900
"Seasonality A = 0.3, P = 4",S3,burst-z-2pois-midp,100,0.0000,0.0000,0.0000,Z > z(1−α/N),0.0000,0.0200,2,0.0055,0.0700,0.0000
"Seasonality A = 0.3, P = 4",S3,silence-z-2pois-midp-qhat,100,1.0000,0.0000,1.0000,−Z > z(1−α/N),0.0021,0.9900,99,0.9455,0.9982,0.9900
"Seasonality A = 0.3, P = 4",S3,burst-z-2pois-midp-qhat,100,0.0000,0.0000,0.0000,Z > z(1−α/N),0.0000,0.0200,2,0.0055,0.0700,0.0000
"Seasonality A = 0.3, P = 4",S3,silence-z-2pois-midp-phi,100,1.0000,0.0000,1.0000,−Z > z(1−α/N),0.0020,0.9900,99,0.9455,0.9982,0.9900
"Seasonality A = 0.3, P = 4",S3,burst-z-2pois-midp-phi,100,0.0000,0.0000,0.0000,Z > z(1−α/N),0.0000,0.0200,2,0.0055,0.0700,0.0000
"Seasonality A = 0.3, P = 4",S3,silence-z-2pois-midp-phibands,100,1.0000,0.0000,1.0000,−Z > z(1−α/N),0.0020,0.9900,99,0.9455,0.9982,0.9900
"Seasonality A = 0.3, P = 4",S3,burst-z-2pois-midp-phibands,100,0.0000,0.0000,0.0000,Z > z(1−α/N),0.0000,0.0200,2,0.0055,0.0700,0.0000
"Seasonality A = 0.3, P = 4",S3,silence-z-2pois-midp-qhat-phi,100,1.0000,0.0000,1.0000,−Z > z(1−α/N),0.0020,0.9900,99,0.9455,0.9982,0.9900
"Seasonality A = 0.3, P = 4",S3,burst-z-2pois-midp-qhat-phi,100,0.0000,0.0000,0.0000,Z > z(1−α/N),0.0000,0.0100,1,0.0018,0.0545,0.0000
"Seasonality A = 0.3, P = 4",S3,silence-z-2pois-midp-qhat-phibands,100,1.0000,0.0000,1.0000,−Z > z(1−α/N),0.0020,0.9900,99,0.9455,0.9982,0.9900
"Seasonality A = 0.3, P = 4",S3,burst-z-2pois-midp-qhat-phibands,100,0.0000,0.0000,0.0000,Z > z(1−α/N),0.0000,0.0100,1,0.0018,0.0545,0.0000
"Seasonality A = 0.3, P = 4",S4,silence-z-2pois-midp,100,0.4798,0.3055,0.0200,−Z > z(1−α/N),0.0001,0.0300,3,0.0103,0.0845,0.0000
"Seasonality A = 0.3, P = 4",S4,burst-z-2pois-midp,100,0.5202,0.3055,0.0800,Z > z(1−α/N),0.0000,0.0200,2,0.0055,0.0700,0.0000
"Seasonality A = 0.3, P = 4",S4,silence-z-2pois-midp-qhat,100,0.4784,0.3055,0.0200,−Z > z(1−α/N),0.0000,0.0200,2,0.0055,0.0700,0.0000
"Seasonality A = 0.3, P = 4",S4,burst-z-2pois-midp-qhat,100,0.5216,0.3055,0.0800,Z > z(1−α/N),0.0000,0.0200,2,0.0055,0.0700,0.0000
"Seasonality A = 0.3, P = 4",S4,silence-z-2pois-midp-phi,100,0.4798,0.3055,0.0200,−Z > z(1−α/N),0.0000,0.0100,1,0.0018,0.0545,0.0000
"Seasonality A = 0.3, P = 4",S4,burst-z-2pois-midp-phi,100,0.5202,0.3055,0.0800,Z > z(1−α/N),0.0000,0.0200,2,0.0055,0.0700,0.0000
"Seasonality A = 0.3, P = 4",S4,silence-z-2pois-midp-phibands,100,0.4815,0.3070,0.0200,−Z > z(1−α/N),0.0000,0.0000,0,0.0000,0.0370,0.0000
"Seasonality A = 0.3, P = 4",S4,burst-z-2pois-midp-phibands,100,0.5185,0.3070,0.0600,Z > z(1−α/N),0.0000,0.0200,2,0.0055,0.0700,0.0000
"Seasonality A = 0.3, P = 4",S4,silence-z-2pois-midp-qhat-phi,100,0.4784,0.3055,0.0200,−Z > z(1−α/N),0.0000,0.0100,1,0.0018,0.0545,0.0000
"Seasonality A = 0.3, P = 4",S4,burst-z-2pois-midp-qhat-phi,100,0.5216,0.3055,0.0800,Z > z(1−α/N),0.0000,0.0100,1,0.0018,0.0545,0.0000
"Seasonality A = 0.3, P = 4",S4,silence-z-2pois-midp-qhat-phibands,100,0.4801,0.3068,0.0100,−Z > z(1−α/N),0.0000,0.0000,0,0.0000,0.0370,0.0000
"Seasonality A = 0.3, P = 4",S4,burst-z-2pois-midp-qhat-phibands,100,0.5199,0.3068,0.0600,Z > z(1−α/N),0.0000,0.0100,1,0.0018,0.0545,0.0000
"Seasonality A = 0.3, P = 4",S5,silence-z-2pois-midp,100,0.0000,0.0000,0.0000,−Z > z(1−α/N),0.0001,0.0300,3,0.0103,0.0845,0.0000
"Seasonality A = 0.3, P = 4",S5,burst-z-2pois-midp,100,1.0000,0.0000,1.0000,Z > z(1−α/N),0.0029,1.0000,100,0.9630,1.0000,1.0000
"Seasonality A = 0.3, P = 4",S5,silence-z-2pois-midp-qhat,100,0.0000,0.0000,0.0000,−Z > z(1−α/N),0.0001,0.0500,5,0.0215,0.1118,0.0000
"Seasonality A = 0.3, P = 4",S5,burst-z-2pois-midp-qhat,100,1.0000,0.0000,1.0000,Z > z(1−α/N),0.0028,1.0000,100,0.9630,1.0000,1.0000
"Seasonality A = 0.3, P = 4",S5,silence-z-2pois-midp-phi,100,0.0000,0.0000,0.0000,−Z > z(1−α/N),0.0000,0.0100,1,0.0018,0.0545,0.0000
"Seasonality A = 0.3, P = 4",S5,burst-z-2pois-midp-phi,100,1.0000,0.0000,1.0000,Z > z(1−α/N),0.0028,1.0000,100,0.9630,1.0000,1.0000
"Seasonality A = 0.3, P = 4",S5,silence-z-2pois-midp-phibands,100,0.0000,0.0000,0.0000,−Z > z(1−α/N),0.0000,0.0000,0,0.0000,0.0370,0.0000
"Seasonality A = 0.3, P = 4",S5,burst-z-2pois-midp-phibands,100,1.0000,0.0000,1.0000,Z > z(1−α/N),0.0026,1.0000,100,0.9630,1.0000,1.0000
"Seasonality A = 0.3, P = 4",S5,silence-z-2pois-midp-qhat-phi,100,0.0000,0.0000,0.0000,−Z > z(1−α/N),0.0000,0.0100,1,0.0018,0.0545,0.0000
"Seasonality A = 0.3, P = 4",S5,burst-z-2pois-midp-qhat-phi,100,1.0000,0.0000,1.0000,Z > z(1−α/N),0.0027,1.0000,100,0.9630,1.0000,1.0000
"Seasonality A = 0.3, P = 4",S5,silence-z-2pois-midp-qhat-phibands,100,0.0000,0.0000,0.0000,−Z > z(1−α/N),0.0000,0.0000,0,0.0000,0.0370,0.0000
"Seasonality A = 0.3, P = 4",S5,burst-z-2pois-midp-qhat-phibands,100,1.0000,0.0000,1.0000,Z > z(1−α/N),0.0026,1.0000,100,0.9630,1.0000,1.0000
RateMu = ln 0.5,S0,silence-z-2pois-midp,100,,,,−Z > z(1−α/N),0.0000,0.0000,0,0.0000,0.0370,
RateMu = ln 0.5,S0,burst-z-2pois-midp,100,,,,Z > z(1−α/N),0.0000,0.0100,1,0.0018,0.0545,
RateMu = ln 0.5,S0,silence-z-2pois-midp-qhat,100,,,,−Z > z(1−α/N),0.0000,0.0000,0,0.0000,0.0370,
RateMu = ln 0.5,S0,burst-z-2pois-midp-qhat,100,,,,Z > z(1−α/N),0.0000,0.0100,1,0.0018,0.0545,
RateMu = ln 0.5,S0,silence-z-2pois-midp-phi,100,,,,−Z > z(1−α/N),0.0000,0.0000,0,0.0000,0.0370,
RateMu = ln 0.5,S0,burst-z-2pois-midp-phi,100,,,,Z > z(1−α/N),0.0000,0.0100,1,0.0018,0.0545,
RateMu = ln 0.5,S0,silence-z-2pois-midp-phibands,100,,,,−Z > z(1−α/N),0.0000,0.0000,0,0.0000,0.0370,
RateMu = ln 0.5,S0,burst-z-2pois-midp-phibands,100,,,,Z > z(1−α/N),0.0000,0.0100,1,0.0018,0.0545,
RateMu = ln 0.5,S0,silence-z-2pois-midp-qhat-phi,100,,,,−Z > z(1−α/N),0.0000,0.0000,0,0.0000,0.0370,
RateMu = ln 0.5,S0,burst-z-2pois-midp-qhat-phi,100,,,,Z > z(1−α/N),0.0000,0.0100,1,0.0018,0.0545,
RateMu = ln 0.5,S0,silence-z-2pois-midp-qhat-phibands,100,,,,−Z > z(1−α/N),0.0000,0.0000,0,0.0000,0.0370,
RateMu = ln 0.5,S0,burst-z-2pois-midp-qhat-phibands,100,,,,Z > z(1−α/N),0.0000,0.0100,1,0.0018,0.0545,
RateMu = ln 0.5,S1,silence-z-2pois-midp,100,0.9995,0.0015,1.0000,−Z > z(1−α/N),0.0010,0.5100,51,0.4135,0.6058,0.5100
RateMu = ln 0.5,S1,burst-z-2pois-midp,100,0.0005,0.0015,0.0000,Z > z(1−α/N),0.0000,0.0100,1,0.0018,0.0545,0.0000
RateMu = ln 0.5,S1,silence-z-2pois-midp-qhat,100,0.9996,0.0015,1.0000,−Z > z(1−α/N),0.0010,0.5100,51,0.4135,0.6058,0.5100
RateMu = ln 0.5,S1,burst-z-2pois-midp-qhat,100,0.0004,0.0015,0.0000,Z > z(1−α/N),0.0000,0.0100,1,0.0018,0.0545,0.0000
RateMu = ln 0.5,S1,silence-z-2pois-midp-phi,100,0.9995,0.0015,1.0000,−Z > z(1−α/N),0.0010,0.5100,51,0.4135,0.6058,0.5100
RateMu = ln 0.5,S1,burst-z-2pois-midp-phi,100,0.0005,0.0015,0.0000,Z > z(1−α/N),0.0000,0.0100,1,0.0018,0.0545,0.0000
RateMu = ln 0.5,S1,silence-z-2pois-midp-phibands,100,0.9995,0.0015,1.0000,−Z > z(1−α/N),0.0010,0.5100,51,0.4135,0.6058,0.5100
RateMu = ln 0.5,S1,burst-z-2pois-midp-phibands,100,0.0005,0.0015,0.0000,Z > z(1−α/N),0.0000,0.0100,1,0.0018,0.0545,0.0000
RateMu = ln 0.5,S1,silence-z-2pois-midp-qhat-phi,100,0.9996,0.0015,1.0000,−Z > z(1−α/N),0.0010,0.5100,51,0.4135,0.6058,0.5100
RateMu = ln 0.5,S1,burst-z-2pois-midp-qhat-phi,100,0.0004,0.0015,0.0000,Z > z(1−α/N),0.0000,0.0100,1,0.0018,0.0545,0.0000
RateMu = ln 0.5,S1,silence-z-2pois-midp-qhat-phibands,100,0.9996,0.0015,1.0000,−Z > z(1−α/N),0.0010,0.5100,51,0.4135,0.6058,0.5100
RateMu = ln 0.5,S1,burst-z-2pois-midp-qhat-phibands,100,0.0004,0.0015,0.0000,Z > z(1−α/N),0.0000,0.0100,1,0.0018,0.0545,0.0000
RateMu = ln 0.5,S2,silence-z-2pois-midp,100,0.9823,0.0378,0.8000,−Z > z(1−α/N),0.0001,0.0700,7,0.0343,0.1375,0.0700
RateMu = ln 0.5,S2,burst-z-2pois-midp,100,0.0177,0.0378,0.0000,Z > z(1−α/N),0.0000,0.0100,1,0.0018,0.0545,0.0000
RateMu = ln 0.5,S2,silence-z-2pois-midp-qhat,100,0.9826,0.0371,0.8000,−Z > z(1−α/N),0.0001,0.0600,6,0.0278,0.1248,0.0600
RateMu = ln 0.5,S2,burst-z-2pois-midp-qhat,100,0.0174,0.0371,0.0000,Z > z(1−α/N),0.0000,0.0100,1,0.0018,0.0545,0.0000
RateMu = ln 0.5,S2,silence-z-2pois-midp-phi,100,0.9823,0.0378,0.8000,−Z > z(1−α/N),0.0001,0.0700,7,0.0343,0.1375,0.0700
RateMu = ln 0.5,S2,burst-z-2pois-midp-phi,100,0.0177,0.0378,0.0000,Z > z(1−α/N),0.0000,0.0100,1,0.0018,0.0545,0.0000
RateMu = ln 0.5,S2,silence-z-2pois-midp-phibands,100,0.9823,0.0378,0.8000,−Z > z(1−α/N),0.0001,0.0700,7,0.0343,0.1375,0.0700
RateMu = ln 0.5,S2,burst-z-2pois-midp-phibands,100,0.0177,0.0378,0.0000,Z > z(1−α/N),0.0000,0.0100,1,0.0018,0.0545,0.0000
RateMu = ln 0.5,S2,silence-z-2pois-midp-qhat-phi,100,0.9826,0.0371,0.8000,−Z > z(1−α/N),0.0001,0.0600,6,0.0278,0.1248,0.0600
RateMu = ln 0.5,S2,burst-z-2pois-midp-qhat-phi,100,0.0174,0.0371,0.0000,Z > z(1−α/N),0.0000,0.0100,1,0.0018,0.0545,0.0000
RateMu = ln 0.5,S2,silence-z-2pois-midp-qhat-phibands,100,0.9826,0.0371,0.8000,−Z > z(1−α/N),0.0001,0.0600,6,0.0278,0.1248,0.0600
RateMu = ln 0.5,S2,burst-z-2pois-midp-qhat-phibands,100,0.0174,0.0371,0.0000,Z > z(1−α/N),0.0000,0.0100,1,0.0018,0.0545,0.0000
RateMu = ln 0.5,S3,silence-z-2pois-midp,100,0.9713,0.0658,0.7300,−Z > z(1−α/N),0.0001,0.0500,5,0.0215,0.1118,0.0500
RateMu = ln 0.5,S3,burst-z-2pois-midp,100,0.0287,0.0658,0.0000,Z > z(1−α/N),0.0000,0.0100,1,0.0018,0.0545,0.0000
RateMu = ln 0.5,S3,silence-z-2pois-midp-qhat,100,0.9710,0.0666,0.7200,−Z > z(1−α/N),0.0001,0.0500,5,0.0215,0.1118,0.0500
RateMu = ln 0.5,S3,burst-z-2pois-midp-qhat,100,0.0289,0.0666,0.0000,Z > z(1−α/N),0.0000,0.0100,1,0.0018,0.0545,0.0000
RateMu = ln 0.5,S3,silence-z-2pois-midp-phi,100,0.9713,0.0658,0.7300,−Z > z(1−α/N),0.0001,0.0500,5,0.0215,0.1118,0.0500
RateMu = ln 0.5,S3,burst-z-2pois-midp-phi,100,0.0287,0.0658,0.0000,Z > z(1−α/N),0.0000,0.0100,1,0.0018,0.0545,0.0000
RateMu = ln 0.5,S3,silence-z-2pois-midp-phibands,100,0.9713,0.0658,0.7300,−Z > z(1−α/N),0.0001,0.0500,5,0.0215,0.1118,0.0500
RateMu = ln 0.5,S3,burst-z-2pois-midp-phibands,100,0.0287,0.0658,0.0000,Z > z(1−α/N),0.0000,0.0100,1,0.0018,0.0545,0.0000
RateMu = ln 0.5,S3,silence-z-2pois-midp-qhat-phi,100,0.9710,0.0666,0.7200,−Z > z(1−α/N),0.0001,0.0500,5,0.0215,0.1118,0.0500
RateMu = ln 0.5,S3,burst-z-2pois-midp-qhat-phi,100,0.0289,0.0666,0.0000,Z > z(1−α/N),0.0000,0.0100,1,0.0018,0.0545,0.0000
RateMu = ln 0.5,S3,silence-z-2pois-midp-qhat-phibands,100,0.9711,0.0665,0.7200,−Z > z(1−α/N),0.0001,0.0500,5,0.0215,0.1118,0.0500
RateMu = ln 0.5,S3,burst-z-2pois-midp-qhat-phibands,100,0.0289,0.0665,0.0000,Z > z(1−α/N),0.0000,0.0100,1,0.0018,0.0545,0.0000
RateMu = ln 0.5,S4,silence-z-2pois-midp,100,0.4817,0.2950,0.0200,−Z > z(1−α/N),0.0000,0.0000,0,0.0000,0.0370,0.0000
RateMu = ln 0.5,S4,burst-z-2pois-midp,100,0.5183,0.2950,0.0200,Z > z(1−α/N),0.0000,0.0100,1,0.0018,0.0545,0.0000
RateMu = ln 0.5,S4,silence-z-2pois-midp-qhat,100,0.4824,0.2943,0.0200,−Z > z(1−α/N),0.0000,0.0000,0,0.0000,0.0370,0.0000
RateMu = ln 0.5,S4,burst-z-2pois-midp-qhat,100,0.5176,0.2943,0.0100,Z > z(1−α/N),0.0000,0.0100,1,0.0018,0.0545,0.0000
RateMu = ln 0.5,S4,silence-z-2pois-midp-phi,100,0.4817,0.2950,0.0200,−Z > z(1−α/N),0.0000,0.0000,0,0.0000,0.0370,0.0000
RateMu = ln 0.5,S4,burst-z-2pois-midp-phi,100,0.5183,0.2950,0.0200,Z > z(1−α/N),0.0000,0.0100,1,0.0018,0.0545,0.0000
RateMu = ln 0.5,S4,silence-z-2pois-midp-phibands,100,0.4818,0.2950,0.0200,−Z > z(1−α/N),0.0000,0.0000,0,0.0000,0.0370,0.0000
RateMu = ln 0.5,S4,burst-z-2pois-midp-phibands,100,0.5182,0.2950,0.0200,Z > z(1−α/N),0.0000,0.0100,1,0.0018,0.0545,0.0000
RateMu = ln 0.5,S4,silence-z-2pois-midp-qhat-phi,100,0.4824,0.2943,0.0200,−Z > z(1−α/N),0.0000,0.0000,0,0.0000,0.0370,0.0000
RateMu = ln 0.5,S4,burst-z-2pois-midp-qhat-phi,100,0.5176,0.2943,0.0100,Z > z(1−α/N),0.0000,0.0100,1,0.0018,0.0545,0.0000
RateMu = ln 0.5,S4,silence-z-2pois-midp-qhat-phibands,100,0.4825,0.2943,0.0200,−Z > z(1−α/N),0.0000,0.0000,0,0.0000,0.0370,0.0000
RateMu = ln 0.5,S4,burst-z-2pois-midp-qhat-phibands,100,0.5175,0.2943,0.0100,Z > z(1−α/N),0.0000,0.0100,1,0.0018,0.0545,0.0000
RateMu = ln 0.5,S5,silence-z-2pois-midp,100,0.0007,0.0027,0.0000,−Z > z(1−α/N),0.0000,0.0000,0,0.0000,0.0370,0.0000
RateMu = ln 0.5,S5,burst-z-2pois-midp,100,0.9993,0.0027,0.9900,Z > z(1−α/N),0.0015,0.7600,76,0.6677,0.8331,0.7600
RateMu = ln 0.5,S5,silence-z-2pois-midp-qhat,100,0.0007,0.0027,0.0000,−Z > z(1−α/N),0.0000,0.0000,0,0.0000,0.0370,0.0000
RateMu = ln 0.5,S5,burst-z-2pois-midp-qhat,100,0.9993,0.0027,0.9900,Z > z(1−α/N),0.0015,0.7600,76,0.6677,0.8331,0.7600
RateMu = ln 0.5,S5,silence-z-2pois-midp-phi,100,0.0007,0.0027,0.0000,−Z > z(1−α/N),0.0000,0.0000,0,0.0000,0.0370,0.0000
RateMu = ln 0.5,S5,burst-z-2pois-midp-phi,100,0.9993,0.0027,0.9900,Z > z(1−α/N),0.0015,0.7600,76,0.6677,0.8331,0.7600
RateMu = ln 0.5,S5,silence-z-2pois-midp-phibands,100,0.0007,0.0027,0.0000,−Z > z(1−α/N),0.0000,0.0000,0,0.0000,0.0370,0.0000
RateMu = ln 0.5,S5,burst-z-2pois-midp-phibands,100,0.9993,0.0027,0.9900,Z > z(1−α/N),0.0015,0.7600,76,0.6677,0.8331,0.7600
RateMu = ln 0.5,S5,silence-z-2pois-midp-qhat-phi,100,0.0007,0.0027,0.0000,−Z > z(1−α/N),0.0000,0.0000,0,0.0000,0.0370,0.0000
RateMu = ln 0.5,S5,burst-z-2pois-midp-qhat-phi,100,0.9993,0.0027,0.9900,Z > z(1−α/N),0.0015,0.7600,76,0.6677,0.8331,0.7600
RateMu = ln 0.5,S5,silence-z-2pois-midp-qhat-phibands,100,0.0007,0.0027,0.0000,−Z > z(1−α/N),0.0000,0.0000,0,0.0000,0.0370,0.0000
RateMu = ln 0.5,S5,burst-z-2pois-midp-qhat-phibands,100,0.9993,0.0027,0.9900,Z > z(1−α/N),0.0015,0.7600,76,0.6677,0.8331,0.7600
extra: Trend −0.05,S0,silence-z-2pois-midp,100,,,,−Z > z(1−α/N),0.2065,1.0000,100,0.9630,1.0000,
extra: Trend −0.05,S0,burst-z-2pois-midp,100,,,,Z > z(1−α/N),0.0000,0.0000,0,0.0000,0.0370,
extra: Trend −0.05,S0,silence-z-2pois-midp-qhat,100,,,,−Z > z(1−α/N),0.0000,0.0200,2,0.0055,0.0700,
extra: Trend −0.05,S0,burst-z-2pois-midp-qhat,100,,,,Z > z(1−α/N),0.0000,0.0200,2,0.0055,0.0700,
extra: Trend −0.05,S0,silence-z-2pois-midp-phi,100,,,,−Z > z(1−α/N),0.2065,1.0000,100,0.9630,1.0000,
extra: Trend −0.05,S0,burst-z-2pois-midp-phi,100,,,,Z > z(1−α/N),0.0000,0.0000,0,0.0000,0.0370,
extra: Trend −0.05,S0,silence-z-2pois-midp-phibands,100,,,,−Z > z(1−α/N),0.1977,1.0000,100,0.9630,1.0000,
extra: Trend −0.05,S0,burst-z-2pois-midp-phibands,100,,,,Z > z(1−α/N),0.0000,0.0000,0,0.0000,0.0370,
extra: Trend −0.05,S0,silence-z-2pois-midp-qhat-phi,100,,,,−Z > z(1−α/N),0.0000,0.0200,2,0.0055,0.0700,
extra: Trend −0.05,S0,burst-z-2pois-midp-qhat-phi,100,,,,Z > z(1−α/N),0.0000,0.0200,2,0.0055,0.0700,
extra: Trend −0.05,S0,silence-z-2pois-midp-qhat-phibands,100,,,,−Z > z(1−α/N),0.0000,0.0100,1,0.0018,0.0545,
extra: Trend −0.05,S0,burst-z-2pois-midp-qhat-phibands,100,,,,Z > z(1−α/N),0.0000,0.0200,2,0.0055,0.0700,
extra: Trend −0.05,S1,silence-z-2pois-midp,100,0.9998,0.0008,1.0000,−Z > z(1−α/N),0.2123,1.0000,100,0.9630,1.0000,1.0000
extra: Trend −0.05,S1,burst-z-2pois-midp,100,0.0002,0.0008,0.0000,Z > z(1−α/N),0.0000,0.0000,0,0.0000,0.0370,0.0000
extra: Trend −0.05,S1,silence-z-2pois-midp-qhat,100,1.0000,0.0000,1.0000,−Z > z(1−α/N),0.0024,1.0000,100,0.9630,1.0000,1.0000
extra: Trend −0.05,S1,burst-z-2pois-midp-qhat,100,0.0000,0.0000,0.0000,Z > z(1−α/N),0.0000,0.0200,2,0.0055,0.0700,0.0000
extra: Trend −0.05,S1,silence-z-2pois-midp-phi,100,0.9998,0.0008,1.0000,−Z > z(1−α/N),0.2122,1.0000,100,0.9630,1.0000,1.0000
extra: Trend −0.05,S1,burst-z-2pois-midp-phi,100,0.0002,0.0008,0.0000,Z > z(1−α/N),0.0000,0.0000,0,0.0000,0.0370,0.0000
extra: Trend −0.05,S1,silence-z-2pois-midp-phibands,100,0.9998,0.0007,1.0000,−Z > z(1−α/N),0.2035,1.0000,100,0.9630,1.0000,1.0000
extra: Trend −0.05,S1,burst-z-2pois-midp-phibands,100,0.0002,0.0007,0.0000,Z > z(1−α/N),0.0000,0.0000,0,0.0000,0.0370,0.0000
extra: Trend −0.05,S1,silence-z-2pois-midp-qhat-phi,100,1.0000,0.0000,1.0000,−Z > z(1−α/N),0.0024,1.0000,100,0.9630,1.0000,1.0000
extra: Trend −0.05,S1,burst-z-2pois-midp-qhat-phi,100,0.0000,0.0000,0.0000,Z > z(1−α/N),0.0000,0.0200,2,0.0055,0.0700,0.0000
extra: Trend −0.05,S1,silence-z-2pois-midp-qhat-phibands,100,1.0000,0.0000,1.0000,−Z > z(1−α/N),0.0023,1.0000,100,0.9630,1.0000,1.0000
extra: Trend −0.05,S1,burst-z-2pois-midp-qhat-phibands,100,0.0000,0.0000,0.0000,Z > z(1−α/N),0.0000,0.0200,2,0.0055,0.0700,0.0000
extra: Trend −0.05,S2,silence-z-2pois-midp,100,0.9925,0.0121,0.8800,−Z > z(1−α/N),0.2108,1.0000,100,0.9630,1.0000,1.0000
extra: Trend −0.05,S2,burst-z-2pois-midp,100,0.0075,0.0121,0.0000,Z > z(1−α/N),0.0000,0.0000,0,0.0000,0.0370,0.0000
extra: Trend −0.05,S2,silence-z-2pois-midp-qhat,100,1.0000,0.0000,1.0000,−Z > z(1−α/N),0.0021,0.9900,99,0.9455,0.9982,0.9900
extra: Trend −0.05,S2,burst-z-2pois-midp-qhat,100,0.0000,0.0000,0.0000,Z > z(1−α/N),0.0000,0.0200,2,0.0055,0.0700,0.0000
extra: Trend −0.05,S2,silence-z-2pois-midp-phi,100,0.9925,0.0121,0.8800,−Z > z(1−α/N),0.2108,1.0000,100,0.9630,1.0000,1.0000
extra: Trend −0.05,S2,burst-z-2pois-midp-phi,100,0.0075,0.0121,0.0000,Z > z(1−α/N),0.0000,0.0000,0,0.0000,0.0370,0.0000
extra: Trend −0.05,S2,silence-z-2pois-midp-phibands,100,0.9930,0.0114,0.8900,−Z > z(1−α/N),0.2020,1.0000,100,0.9630,1.0000,1.0000
extra: Trend −0.05,S2,burst-z-2pois-midp-phibands,100,0.0070,0.0114,0.0000,Z > z(1−α/N),0.0000,0.0000,0,0.0000,0.0370,0.0000
extra: Trend −0.05,S2,silence-z-2pois-midp-qhat-phi,100,1.0000,0.0000,1.0000,−Z > z(1−α/N),0.0021,0.9900,99,0.9455,0.9982,0.9900
extra: Trend −0.05,S2,burst-z-2pois-midp-qhat-phi,100,0.0000,0.0000,0.0000,Z > z(1−α/N),0.0000,0.0200,2,0.0055,0.0700,0.0000
extra: Trend −0.05,S2,silence-z-2pois-midp-qhat-phibands,100,1.0000,0.0000,1.0000,−Z > z(1−α/N),0.0021,0.9900,99,0.9455,0.9982,0.9900
extra: Trend −0.05,S2,burst-z-2pois-midp-qhat-phibands,100,0.0000,0.0000,0.0000,Z > z(1−α/N),0.0000,0.0200,2,0.0055,0.0700,0.0000
extra: Trend −0.05,S3,silence-z-2pois-midp,100,0.9715,0.0611,0.6600,−Z > z(1−α/N),0.2090,1.0000,100,0.9630,1.0000,0.9800
extra: Trend −0.05,S3,burst-z-2pois-midp,100,0.0285,0.0611,0.0000,Z > z(1−α/N),0.0000,0.0000,0,0.0000,0.0370,0.0000
extra: Trend −0.05,S3,silence-z-2pois-midp-qhat,100,0.9999,0.0006,1.0000,−Z > z(1−α/N),0.0020,0.9600,96,0.9016,0.9843,0.9600
extra: Trend −0.05,S3,burst-z-2pois-midp-qhat,100,0.0001,0.0006,0.0000,Z > z(1−α/N),0.0000,0.0200,2,0.0055,0.0700,0.0000
extra: Trend −0.05,S3,silence-z-2pois-midp-phi,100,0.9715,0.0611,0.6600,−Z > z(1−α/N),0.2090,1.0000,100,0.9630,1.0000,0.9800
extra: Trend −0.05,S3,burst-z-2pois-midp-phi,100,0.0285,0.0611,0.0000,Z > z(1−α/N),0.0000,0.0000,0,0.0000,0.0370,0.0000
extra: Trend −0.05,S3,silence-z-2pois-midp-phibands,100,0.9729,0.0594,0.6700,−Z > z(1−α/N),0.2002,1.0000,100,0.9630,1.0000,0.9800
extra: Trend −0.05,S3,burst-z-2pois-midp-phibands,100,0.0271,0.0594,0.0000,Z > z(1−α/N),0.0000,0.0000,0,0.0000,0.0370,0.0000
extra: Trend −0.05,S3,silence-z-2pois-midp-qhat-phi,100,0.9999,0.0006,1.0000,−Z > z(1−α/N),0.0020,0.9600,96,0.9016,0.9843,0.9600
extra: Trend −0.05,S3,burst-z-2pois-midp-qhat-phi,100,0.0001,0.0006,0.0000,Z > z(1−α/N),0.0000,0.0200,2,0.0055,0.0700,0.0000
extra: Trend −0.05,S3,silence-z-2pois-midp-qhat-phibands,100,0.9999,0.0006,1.0000,−Z > z(1−α/N),0.0020,0.9600,96,0.9016,0.9843,0.9600
extra: Trend −0.05,S3,burst-z-2pois-midp-qhat-phibands,100,0.0001,0.0006,0.0000,Z > z(1−α/N),0.0000,0.0200,2,0.0055,0.0700,0.0000
extra: Trend −0.05,S4,silence-z-2pois-midp,100,0.2088,0.2037,0.0000,−Z > z(1−α/N),0.2065,1.0000,100,0.9630,1.0000,0.0200
extra: Trend −0.05,S4,burst-z-2pois-midp,100,0.7912,0.2037,0.1200,Z > z(1−α/N),0.0000,0.0000,0,0.0000,0.0370,0.0000
extra: Trend −0.05,S4,silence-z-2pois-midp-qhat,100,0.4509,0.2905,0.0100,−Z > z(1−α/N),0.0000,0.0200,2,0.0055,0.0700,0.0000
extra: Trend −0.05,S4,burst-z-2pois-midp-qhat,100,0.5491,0.2905,0.0400,Z > z(1−α/N),0.0000,0.0200,2,0.0055,0.0700,0.0000
extra: Trend −0.05,S4,silence-z-2pois-midp-phi,100,0.2088,0.2037,0.0000,−Z > z(1−α/N),0.2065,1.0000,100,0.9630,1.0000,0.0200
extra: Trend −0.05,S4,burst-z-2pois-midp-phi,100,0.7912,0.2037,0.1200,Z > z(1−α/N),0.0000,0.0000,0,0.0000,0.0370,0.0000
extra: Trend −0.05,S4,silence-z-2pois-midp-phibands,100,0.2099,0.2037,0.0000,−Z > z(1−α/N),0.1977,1.0000,100,0.9630,1.0000,0.0200
extra: Trend −0.05,S4,burst-z-2pois-midp-phibands,100,0.7901,0.2037,0.1100,Z > z(1−α/N),0.0000,0.0000,0,0.0000,0.0370,0.0000
extra: Trend −0.05,S4,silence-z-2pois-midp-qhat-phi,100,0.4509,0.2905,0.0100,−Z > z(1−α/N),0.0000,0.0200,2,0.0055,0.0700,0.0000
extra: Trend −0.05,S4,burst-z-2pois-midp-qhat-phi,100,0.5491,0.2905,0.0400,Z > z(1−α/N),0.0000,0.0200,2,0.0055,0.0700,0.0000
extra: Trend −0.05,S4,silence-z-2pois-midp-qhat-phibands,100,0.4513,0.2904,0.0100,−Z > z(1−α/N),0.0000,0.0100,1,0.0018,0.0545,0.0000
extra: Trend −0.05,S4,burst-z-2pois-midp-qhat-phibands,100,0.5487,0.2904,0.0300,Z > z(1−α/N),0.0000,0.0200,2,0.0055,0.0700,0.0000
extra: Trend −0.05,S5,silence-z-2pois-midp,100,0.0000,0.0000,0.0000,−Z > z(1−α/N),0.2045,1.0000,100,0.9630,1.0000,0.0000
extra: Trend −0.05,S5,burst-z-2pois-midp,100,1.0000,0.0000,1.0000,Z > z(1−α/N),0.0020,1.0000,100,0.9630,1.0000,1.0000
extra: Trend −0.05,S5,silence-z-2pois-midp-qhat,100,0.0000,0.0000,0.0000,−Z > z(1−α/N),0.0001,0.0300,3,0.0103,0.0845,0.0000
extra: Trend −0.05,S5,burst-z-2pois-midp-qhat,100,1.0000,0.0000,1.0000,Z > z(1−α/N),0.0026,1.0000,100,0.9630,1.0000,1.0000
extra: Trend −0.05,S5,silence-z-2pois-midp-phi,100,0.0000,0.0000,0.0000,−Z > z(1−α/N),0.2045,1.0000,100,0.9630,1.0000,0.0000
extra: Trend −0.05,S5,burst-z-2pois-midp-phi,100,1.0000,0.0000,1.0000,Z > z(1−α/N),0.0020,1.0000,100,0.9630,1.0000,1.0000
extra: Trend −0.05,S5,silence-z-2pois-midp-phibands,100,0.0000,0.0000,0.0000,−Z > z(1−α/N),0.1958,1.0000,100,0.9630,1.0000,0.0000
extra: Trend −0.05,S5,burst-z-2pois-midp-phibands,100,1.0000,0.0000,1.0000,Z > z(1−α/N),0.0020,1.0000,100,0.9630,1.0000,1.0000
extra: Trend −0.05,S5,silence-z-2pois-midp-qhat-phi,100,0.0000,0.0000,0.0000,−Z > z(1−α/N),0.0001,0.0300,3,0.0103,0.0845,0.0000
extra: Trend −0.05,S5,burst-z-2pois-midp-qhat-phi,100,1.0000,0.0000,1.0000,Z > z(1−α/N),0.0026,1.0000,100,0.9630,1.0000,1.0000
extra: Trend −0.05,S5,silence-z-2pois-midp-qhat-phibands,100,0.0000,0.0000,0.0000,−Z > z(1−α/N),0.0000,0.0200,2,0.0055,0.0700,0.0000
extra: Trend −0.05,S5,burst-z-2pois-midp-qhat-phibands,100,1.0000,0.0000,1.0000,Z > z(1−α/N),0.0025,1.0000,100,0.9630,1.0000,1.0000
extra: Trend −0.15,S0,silence-z-2pois-midp,100,,,,−Z > z(1−α/N),0.8024,1.0000,100,0.9630,1.0000,
extra: Trend −0.15,S0,burst-z-2pois-midp,100,,,,Z > z(1−α/N),0.0000,0.0000,0,0.0000,0.0370,
extra: Trend −0.15,S0,silence-z-2pois-midp-qhat,100,,,,−Z > z(1−α/N),0.0000,0.0000,0,0.0000,0.0370,
extra: Trend −0.15,S0,burst-z-2pois-midp-qhat,100,,,,Z > z(1−α/N),0.0001,0.0500,5,0.0215,0.1118,
extra: Trend −0.15,S0,silence-z-2pois-midp-phi,100,,,,−Z > z(1−α/N),0.7033,1.0000,100,0.9630,1.0000,
extra: Trend −0.15,S0,burst-z-2pois-midp-phi,100,,,,Z > z(1−α/N),0.0000,0.0000,0,0.0000,0.0370,
extra: Trend −0.15,S0,silence-z-2pois-midp-phibands,100,,,,−Z > z(1−α/N),0.6813,1.0000,100,0.9630,1.0000,
extra: Trend −0.15,S0,burst-z-2pois-midp-phibands,100,,,,Z > z(1−α/N),0.0000,0.0000,0,0.0000,0.0370,
extra: Trend −0.15,S0,silence-z-2pois-midp-qhat-phi,100,,,,−Z > z(1−α/N),0.0000,0.0000,0,0.0000,0.0370,
extra: Trend −0.15,S0,burst-z-2pois-midp-qhat-phi,100,,,,Z > z(1−α/N),0.0000,0.0000,0,0.0000,0.0370,
extra: Trend −0.15,S0,silence-z-2pois-midp-qhat-phibands,100,,,,−Z > z(1−α/N),0.0000,0.0000,0,0.0000,0.0370,
extra: Trend −0.15,S0,burst-z-2pois-midp-qhat-phibands,100,,,,Z > z(1−α/N),0.0000,0.0000,0,0.0000,0.0370,
extra: Trend −0.15,S1,silence-z-2pois-midp,100,0.8937,0.0816,0.0700,−Z > z(1−α/N),0.8032,1.0000,100,0.9630,1.0000,1.0000
extra: Trend −0.15,S1,burst-z-2pois-midp,100,0.1063,0.0816,0.0000,Z > z(1−α/N),0.0000,0.0000,0,0.0000,0.0370,0.0000
extra: Trend −0.15,S1,silence-z-2pois-midp-qhat,100,1.0000,0.0000,1.0000,−Z > z(1−α/N),0.0020,0.9800,98,0.9300,0.9945,0.9800
extra: Trend −0.15,S1,burst-z-2pois-midp-qhat,100,0.0000,0.0000,0.0000,Z > z(1−α/N),0.0001,0.0500,5,0.0215,0.1118,0.0000
extra: Trend −0.15,S1,silence-z-2pois-midp-phi,100,0.8937,0.0816,0.0700,−Z > z(1−α/N),0.7046,1.0000,100,0.9630,1.0000,1.0000
extra: Trend −0.15,S1,burst-z-2pois-midp-phi,100,0.1063,0.0816,0.0000,Z > z(1−α/N),0.0000,0.0000,0,0.0000,0.0370,0.0000
extra: Trend −0.15,S1,silence-z-2pois-midp-phibands,100,0.9126,0.0575,0.0200,−Z > z(1−α/N),0.6828,1.0000,100,0.9630,1.0000,1.0000
extra: Trend −0.15,S1,burst-z-2pois-midp-phibands,100,0.0874,0.0575,0.0000,Z > z(1−α/N),0.0000,0.0000,0,0.0000,0.0370,0.0000
extra: Trend −0.15,S1,silence-z-2pois-midp-qhat-phi,100,1.0000,0.0000,1.0000,−Z > z(1−α/N),0.0018,0.8900,89,0.8137,0.9375,0.8900
extra: Trend −0.15,S1,burst-z-2pois-midp-qhat-phi,100,0.0000,0.0000,0.0000,Z > z(1−α/N),0.0000,0.0000,0,0.0000,0.0370,0.0000
extra: Trend −0.15,S1,silence-z-2pois-midp-qhat-phibands,100,1.0000,0.0000,1.0000,−Z > z(1−α/N),0.0018,0.9200,92,0.8500,0.9589,0.9200
extra: Trend −0.15,S1,burst-z-2pois-midp-qhat-phibands,100,0.0000,0.0000,0.0000,Z > z(1−α/N),0.0000,0.0000,0,0.0000,0.0370,0.0000
extra: Trend −0.15,S2,silence-z-2pois-midp,100,0.8029,0.1325,0.0000,−Z > z(1−α/N),0.8030,1.0000,100,0.9630,1.0000,1.0000
extra: Trend −0.15,S2,burst-z-2pois-midp,100,0.1971,0.1325,0.0000,Z > z(1−α/N),0.0000,0.0000,0,0.0000,0.0370,0.0000
extra: Trend −0.15,S2,silence-z-2pois-midp-qhat,100,0.9981,0.0083,0.9800,−Z > z(1−α/N),0.0011,0.5300,53,0.4329,0.6249,0.5300
extra: Trend −0.15,S2,burst-z-2pois-midp-qhat,100,0.0019,0.0083,0.0000,Z > z(1−α/N),0.0001,0.0500,5,0.0215,0.1118,0.0000
extra: Trend −0.15,S2,silence-z-2pois-midp-phi,100,0.8029,0.1325,0.0000,−Z > z(1−α/N),0.7044,1.0000,100,0.9630,1.0000,1.0000
extra: Trend −0.15,S2,burst-z-2pois-midp-phi,100,0.1971,0.1325,0.0000,Z > z(1−α/N),0.0000,0.0000,0,0.0000,0.0370,0.0000
extra: Trend −0.15,S2,silence-z-2pois-midp-phibands,100,0.8272,0.1042,0.0000,−Z > z(1−α/N),0.6825,1.0000,100,0.9630,1.0000,1.0000
extra: Trend −0.15,S2,burst-z-2pois-midp-phibands,100,0.1728,0.1042,0.0000,Z > z(1−α/N),0.0000,0.0000,0,0.0000,0.0370,0.0000
extra: Trend −0.15,S2,silence-z-2pois-midp-qhat-phi,100,0.9981,0.0083,0.9800,−Z > z(1−α/N),0.0005,0.2600,26,0.1840,0.3537,0.2600
extra: Trend −0.15,S2,burst-z-2pois-midp-qhat-phi,100,0.0019,0.0083,0.0000,Z > z(1−α/N),0.0000,0.0000,0,0.0000,0.0370,0.0000
extra: Trend −0.15,S2,silence-z-2pois-midp-qhat-phibands,100,0.9984,0.0073,0.9800,−Z > z(1−α/N),0.0003,0.1600,16,0.1010,0.2442,0.1600
extra: Trend −0.15,S2,burst-z-2pois-midp-qhat-phibands,100,0.0016,0.0073,0.0000,Z > z(1−α/N),0.0000,0.0000,0,0.0000,0.0370,0.0000
extra: Trend −0.15,S3,silence-z-2pois-midp,100,0.5465,0.2239,0.0000,−Z > z(1−α/N),0.8026,1.0000,100,0.9630,1.0000,0.9200
extra: Trend −0.15,S3,burst-z-2pois-midp,100,0.4535,0.2239,0.0100,Z > z(1−α/N),0.0000,0.0000,0,0.0000,0.0370,0.0000
extra: Trend −0.15,S3,silence-z-2pois-midp-qhat,100,0.9945,0.0206,0.9300,−Z > z(1−α/N),0.0008,0.3900,39,0.3002,0.4880,0.3900
extra: Trend −0.15,S3,burst-z-2pois-midp-qhat,100,0.0055,0.0206,0.0000,Z > z(1−α/N),0.0001,0.0500,5,0.0215,0.1118,0.0000
extra: Trend −0.15,S3,silence-z-2pois-midp-phi,100,0.5465,0.2239,0.0000,−Z > z(1−α/N),0.7036,1.0000,100,0.9630,1.0000,0.8200
extra: Trend −0.15,S3,burst-z-2pois-midp-phi,100,0.4535,0.2239,0.0100,Z > z(1−α/N),0.0000,0.0000,0,0.0000,0.0370,0.0000
extra: Trend −0.15,S3,silence-z-2pois-midp-phibands,100,0.5691,0.2058,0.0000,−Z > z(1−α/N),0.6816,1.0000,100,0.9630,1.0000,0.8600
extra: Trend −0.15,S3,burst-z-2pois-midp-phibands,100,0.4309,0.2058,0.0000,Z > z(1−α/N),0.0000,0.0000,0,0.0000,0.0370,0.0000
extra: Trend −0.15,S3,silence-z-2pois-midp-qhat-phi,100,0.9945,0.0206,0.9300,−Z > z(1−α/N),0.0003,0.1700,17,0.1089,0.2555,0.1700
extra: Trend −0.15,S3,burst-z-2pois-midp-qhat-phi,100,0.0055,0.0206,0.0000,Z > z(1−α/N),0.0000,0.0000,0,0.0000,0.0370,0.0000
extra: Trend −0.15,S3,silence-z-2pois-midp-qhat-phibands,100,0.9962,0.0150,0.9600,−Z > z(1−α/N),0.0002,0.0900,9,0.0481,0.1623,0.0900
extra: Trend −0.15,S3,burst-z-2pois-midp-qhat-phibands,100,0.0038,0.0150,0.0000,Z > z(1−α/N),0.0000,0.0000,0,0.0000,0.0370,0.0000
extra: Trend −0.15,S4,silence-z-2pois-midp,100,0.1429,0.1378,0.0000,−Z > z(1−α/N),0.8024,1.0000,100,0.9630,1.0000,0.2900
extra: Trend −0.15,S4,burst-z-2pois-midp,100,0.8571,0.1378,0.1100,Z > z(1−α/N),0.0000,0.0000,0,0.0000,0.0370,0.0000
extra: Trend −0.15,S4,silence-z-2pois-midp-qhat,100,0.5010,0.2941,0.0100,−Z > z(1−α/N),0.0000,0.0000,0,0.0000,0.0370,0.0000
extra: Trend −0.15,S4,burst-z-2pois-midp-qhat,100,0.4990,0.2941,0.0400,Z > z(1−α/N),0.0001,0.0500,5,0.0215,0.1118,0.0000
extra: Trend −0.15,S4,silence-z-2pois-midp-phi,100,0.1429,0.1378,0.0000,−Z > z(1−α/N),0.7033,1.0000,100,0.9630,1.0000,0.1500
extra: Trend −0.15,S4,burst-z-2pois-midp-phi,100,0.8571,0.1378,0.1100,Z > z(1−α/N),0.0000,0.0000,0,0.0000,0.0370,0.0000
extra: Trend −0.15,S4,silence-z-2pois-midp-phibands,100,0.1258,0.1092,0.0000,−Z > z(1−α/N),0.6813,1.0000,100,0.9630,1.0000,0.0600
extra: Trend −0.15,S4,burst-z-2pois-midp-phibands,100,0.8742,0.1092,0.1000,Z > z(1−α/N),0.0000,0.0000,0,0.0000,0.0370,0.0000
extra: Trend −0.15,S4,silence-z-2pois-midp-qhat-phi,100,0.5010,0.2941,0.0100,−Z > z(1−α/N),0.0000,0.0000,0,0.0000,0.0370,0.0000
extra: Trend −0.15,S4,burst-z-2pois-midp-qhat-phi,100,0.4990,0.2941,0.0400,Z > z(1−α/N),0.0000,0.0000,0,0.0000,0.0370,0.0000
extra: Trend −0.15,S4,silence-z-2pois-midp-qhat-phibands,100,0.5120,0.2927,0.0200,−Z > z(1−α/N),0.0000,0.0000,0,0.0000,0.0370,0.0000
extra: Trend −0.15,S4,burst-z-2pois-midp-qhat-phibands,100,0.4880,0.2927,0.0200,Z > z(1−α/N),0.0000,0.0000,0,0.0000,0.0370,0.0000
extra: Trend −0.15,S5,silence-z-2pois-midp,100,0.0020,0.0062,0.0000,−Z > z(1−α/N),0.7995,1.0000,100,0.9630,1.0000,0.0000
extra: Trend −0.15,S5,burst-z-2pois-midp,100,0.9980,0.0062,0.9700,Z > z(1−α/N),0.0000,0.0000,0,0.0000,0.0370,0.0000
extra: Trend −0.15,S5,silence-z-2pois-midp-qhat,100,0.0001,0.0010,0.0000,−Z > z(1−α/N),0.0000,0.0000,0,0.0000,0.0370,0.0000
extra: Trend −0.15,S5,burst-z-2pois-midp-qhat,100,0.9999,0.0010,1.0000,Z > z(1−α/N),0.0022,0.9700,97,0.9155,0.9897,0.9700
extra: Trend −0.15,S5,silence-z-2pois-midp-phi,100,0.0020,0.0062,0.0000,−Z > z(1−α/N),0.7007,1.0000,100,0.9630,1.0000,0.0000
extra: Trend −0.15,S5,burst-z-2pois-midp-phi,100,0.9980,0.0062,0.9700,Z > z(1−α/N),0.0000,0.0000,0,0.0000,0.0370,0.0000
extra: Trend −0.15,S5,silence-z-2pois-midp-phibands,100,0.0020,0.0062,0.0000,−Z > z(1−α/N),0.6786,1.0000,100,0.9630,1.0000,0.0000
extra: Trend −0.15,S5,burst-z-2pois-midp-phibands,100,0.9980,0.0062,0.9700,Z > z(1−α/N),0.0000,0.0000,0,0.0000,0.0370,0.0000
extra: Trend −0.15,S5,silence-z-2pois-midp-qhat-phi,100,0.0001,0.0010,0.0000,−Z > z(1−α/N),0.0000,0.0000,0,0.0000,0.0370,0.0000
extra: Trend −0.15,S5,burst-z-2pois-midp-qhat-phi,100,0.9999,0.0010,1.0000,Z > z(1−α/N),0.0020,0.9700,97,0.9155,0.9897,0.9700
extra: Trend −0.15,S5,silence-z-2pois-midp-qhat-phibands,100,0.0002,0.0014,0.0000,−Z > z(1−α/N),0.0000,0.0000,0,0.0000,0.0370,0.0000
extra: Trend −0.15,S5,burst-z-2pois-midp-qhat-phibands,100,0.9998,0.0014,1.0000,Z > z(1−α/N),0.0019,0.9600,96,0.9016,0.9843,0.9600
"extra: Seasonality A = 0.3, P = 5",S0,silence-z-2pois-midp,100,,,,−Z > z(1−α/N),0.0071,0.9700,97,0.9155,0.9897,
"extra: Seasonality A = 0.3, P = 5",S0,burst-z-2pois-midp,100,,,,Z > z(1−α/N),0.0000,0.0000,0,0.0000,0.0370,
"extra: Seasonality A = 0.3, P = 5",S0,silence-z-2pois-midp-qhat,100,,,,−Z > z(1−α/N),0.0001,0.0700,7,0.0343,0.1375,
"extra: Seasonality A = 0.3, P = 5",S0,burst-z-2pois-midp-qhat,100,,,,Z > z(1−α/N),0.0001,0.0300,3,0.0103,0.0845,
"extra: Seasonality A = 0.3, P = 5",S0,silence-z-2pois-midp-phi,100,,,,−Z > z(1−α/N),0.0045,0.8900,89,0.8137,0.9375,
"extra: Seasonality A = 0.3, P = 5",S0,burst-z-2pois-midp-phi,100,,,,Z > z(1−α/N),0.0000,0.0000,0,0.0000,0.0370,
"extra: Seasonality A = 0.3, P = 5",S0,silence-z-2pois-midp-phibands,100,,,,−Z > z(1−α/N),0.0034,0.8500,85,0.7672,0.9069,
"extra: Seasonality A = 0.3, P = 5",S0,burst-z-2pois-midp-phibands,100,,,,Z > z(1−α/N),0.0000,0.0000,0,0.0000,0.0370,
"extra: Seasonality A = 0.3, P = 5",S0,silence-z-2pois-midp-qhat-phi,100,,,,−Z > z(1−α/N),0.0000,0.0100,1,0.0018,0.0545,
"extra: Seasonality A = 0.3, P = 5",S0,burst-z-2pois-midp-qhat-phi,100,,,,Z > z(1−α/N),0.0000,0.0200,2,0.0055,0.0700,
"extra: Seasonality A = 0.3, P = 5",S0,silence-z-2pois-midp-qhat-phibands,100,,,,−Z > z(1−α/N),0.0000,0.0200,2,0.0055,0.0700,
"extra: Seasonality A = 0.3, P = 5",S0,burst-z-2pois-midp-qhat-phibands,100,,,,Z > z(1−α/N),0.0001,0.0300,3,0.0103,0.0845,
"extra: Seasonality A = 0.3, P = 5",S1,silence-z-2pois-midp,100,1.0000,0.0000,1.0000,−Z > z(1−α/N),0.0120,1.0000,100,0.9630,1.0000,1.0000
"extra: Seasonality A = 0.3, P = 5",S1,burst-z-2pois-midp,100,0.0000,0.0000,0.0000,Z > z(1−α/N),0.0000,0.0000,0,0.0000,0.0370,0.0000
"extra: Seasonality A = 0.3, P = 5",S1,silence-z-2pois-midp-qhat,100,1.0000,0.0000,1.0000,−Z > z(1−α/N),0.0029,1.0000,100,0.9630,1.0000,1.0000
"extra: Seasonality A = 0.3, P = 5",S1,burst-z-2pois-midp-qhat,100,0.0000,0.0000,0.0000,Z > z(1−α/N),0.0001,0.0300,3,0.0103,0.0845,0.0000
"extra: Seasonality A = 0.3, P = 5",S1,silence-z-2pois-midp-phi,100,1.0000,0.0000,1.0000,−Z > z(1−α/N),0.0087,1.0000,100,0.9630,1.0000,1.0000
"extra: Seasonality A = 0.3, P = 5",S1,burst-z-2pois-midp-phi,100,0.0000,0.0000,0.0000,Z > z(1−α/N),0.0000,0.0000,0,0.0000,0.0370,0.0000
"extra: Seasonality A = 0.3, P = 5",S1,silence-z-2pois-midp-phibands,100,1.0000,0.0000,1.0000,−Z > z(1−α/N),0.0072,1.0000,100,0.9630,1.0000,1.0000
"extra: Seasonality A = 0.3, P = 5",S1,burst-z-2pois-midp-phibands,100,0.0000,0.0000,0.0000,Z > z(1−α/N),0.0000,0.0000,0,0.0000,0.0370,0.0000
"extra: Seasonality A = 0.3, P = 5",S1,silence-z-2pois-midp-qhat-phi,100,1.0000,0.0000,1.0000,−Z > z(1−α/N),0.0025,1.0000,100,0.9630,1.0000,1.0000
"extra: Seasonality A = 0.3, P = 5",S1,burst-z-2pois-midp-qhat-phi,100,0.0000,0.0000,0.0000,Z > z(1−α/N),0.0000,0.0200,2,0.0055,0.0700,0.0000
"extra: Seasonality A = 0.3, P = 5",S1,silence-z-2pois-midp-qhat-phibands,100,1.0000,0.0000,1.0000,−Z > z(1−α/N),0.0025,1.0000,100,0.9630,1.0000,1.0000
"extra: Seasonality A = 0.3, P = 5",S1,burst-z-2pois-midp-qhat-phibands,100,0.0000,0.0000,0.0000,Z > z(1−α/N),0.0001,0.0300,3,0.0103,0.0845,0.0000
"extra: Seasonality A = 0.3, P = 5",S2,silence-z-2pois-midp,100,1.0000,0.0000,1.0000,−Z > z(1−α/N),0.0101,1.0000,100,0.9630,1.0000,1.0000
"extra: Seasonality A = 0.3, P = 5",S2,burst-z-2pois-midp,100,0.0000,0.0000,0.0000,Z > z(1−α/N),0.0000,0.0000,0,0.0000,0.0370,0.0000
"extra: Seasonality A = 0.3, P = 5",S2,silence-z-2pois-midp-qhat,100,1.0000,0.0000,1.0000,−Z > z(1−α/N),0.0023,1.0000,100,0.9630,1.0000,1.0000
"extra: Seasonality A = 0.3, P = 5",S2,burst-z-2pois-midp-qhat,100,0.0000,0.0000,0.0000,Z > z(1−α/N),0.0001,0.0300,3,0.0103,0.0845,0.0000
"extra: Seasonality A = 0.3, P = 5",S2,silence-z-2pois-midp-phi,100,1.0000,0.0000,1.0000,−Z > z(1−α/N),0.0071,1.0000,100,0.9630,1.0000,1.0000
"extra: Seasonality A = 0.3, P = 5",S2,burst-z-2pois-midp-phi,100,0.0000,0.0000,0.0000,Z > z(1−α/N),0.0000,0.0000,0,0.0000,0.0370,0.0000
"extra: Seasonality A = 0.3, P = 5",S2,silence-z-2pois-midp-phibands,100,1.0000,0.0000,1.0000,−Z > z(1−α/N),0.0060,1.0000,100,0.9630,1.0000,1.0000
"extra: Seasonality A = 0.3, P = 5",S2,burst-z-2pois-midp-phibands,100,0.0000,0.0000,0.0000,Z > z(1−α/N),0.0000,0.0000,0,0.0000,0.0370,0.0000
"extra: Seasonality A = 0.3, P = 5",S2,silence-z-2pois-midp-qhat-phi,100,1.0000,0.0000,1.0000,−Z > z(1−α/N),0.0022,1.0000,100,0.9630,1.0000,1.0000
"extra: Seasonality A = 0.3, P = 5",S2,burst-z-2pois-midp-qhat-phi,100,0.0000,0.0000,0.0000,Z > z(1−α/N),0.0000,0.0200,2,0.0055,0.0700,0.0000
"extra: Seasonality A = 0.3, P = 5",S2,silence-z-2pois-midp-qhat-phibands,100,1.0000,0.0000,1.0000,−Z > z(1−α/N),0.0021,1.0000,100,0.9630,1.0000,1.0000
"extra: Seasonality A = 0.3, P = 5",S2,burst-z-2pois-midp-qhat-phibands,100,0.0000,0.0000,0.0000,Z > z(1−α/N),0.0001,0.0300,3,0.0103,0.0845,0.0000
"extra: Seasonality A = 0.3, P = 5",S3,silence-z-2pois-midp,100,0.9996,0.0034,0.9900,−Z > z(1−α/N),0.0102,1.0000,100,0.9630,1.0000,0.9900
"extra: Seasonality A = 0.3, P = 5",S3,burst-z-2pois-midp,100,0.0004,0.0034,0.0000,Z > z(1−α/N),0.0000,0.0000,0,0.0000,0.0370,0.0000
"extra: Seasonality A = 0.3, P = 5",S3,silence-z-2pois-midp-qhat,100,1.0000,0.0000,1.0000,−Z > z(1−α/N),0.0022,0.9900,99,0.9455,0.9982,0.9900
"extra: Seasonality A = 0.3, P = 5",S3,burst-z-2pois-midp-qhat,100,0.0000,0.0000,0.0000,Z > z(1−α/N),0.0001,0.0300,3,0.0103,0.0845,0.0000
"extra: Seasonality A = 0.3, P = 5",S3,silence-z-2pois-midp-phi,100,0.9996,0.0034,0.9900,−Z > z(1−α/N),0.0071,1.0000,100,0.9630,1.0000,0.9900
"extra: Seasonality A = 0.3, P = 5",S3,burst-z-2pois-midp-phi,100,0.0004,0.0034,0.0000,Z > z(1−α/N),0.0000,0.0000,0,0.0000,0.0370,0.0000
"extra: Seasonality A = 0.3, P = 5",S3,silence-z-2pois-midp-phibands,100,0.9998,0.0018,1.0000,−Z > z(1−α/N),0.0059,1.0000,100,0.9630,1.0000,0.9900
"extra: Seasonality A = 0.3, P = 5",S3,burst-z-2pois-midp-phibands,100,0.0002,0.0018,0.0000,Z > z(1−α/N),0.0000,0.0000,0,0.0000,0.0370,0.0000
"extra: Seasonality A = 0.3, P = 5",S3,silence-z-2pois-midp-qhat-phi,100,1.0000,0.0000,1.0000,−Z > z(1−α/N),0.0020,0.9900,99,0.9455,0.9982,0.9900
"extra: Seasonality A = 0.3, P = 5",S3,burst-z-2pois-midp-qhat-phi,100,0.0000,0.0000,0.0000,Z > z(1−α/N),0.0000,0.0200,2,0.0055,0.0700,0.0000
"extra: Seasonality A = 0.3, P = 5",S3,silence-z-2pois-midp-qhat-phibands,100,1.0000,0.0000,1.0000,−Z > z(1−α/N),0.0020,0.9900,99,0.9455,0.9982,0.9900
"extra: Seasonality A = 0.3, P = 5",S3,burst-z-2pois-midp-qhat-phibands,100,0.0000,0.0000,0.0000,Z > z(1−α/N),0.0001,0.0300,3,0.0103,0.0845,0.0000
"extra: Seasonality A = 0.3, P = 5",S4,silence-z-2pois-midp,100,0.3397,0.2471,0.0000,−Z > z(1−α/N),0.0071,0.9700,97,0.9155,0.9897,0.0000
"extra: Seasonality A = 0.3, P = 5",S4,burst-z-2pois-midp,100,0.6603,0.2471,0.0600,Z > z(1−α/N),0.0000,0.0000,0,0.0000,0.0370,0.0000
"extra: Seasonality A = 0.3, P = 5",S4,silence-z-2pois-midp-qhat,100,0.4705,0.2692,0.0100,−Z > z(1−α/N),0.0001,0.0700,7,0.0343,0.1375,0.0000
"extra: Seasonality A = 0.3, P = 5",S4,burst-z-2pois-midp-qhat,100,0.5295,0.2692,0.0100,Z > z(1−α/N),0.0001,0.0300,3,0.0103,0.0845,0.0000
"extra: Seasonality A = 0.3, P = 5",S4,silence-z-2pois-midp-phi,100,0.3397,0.2471,0.0000,−Z > z(1−α/N),0.0045,0.8900,89,0.8137,0.9375,0.0000
"extra: Seasonality A = 0.3, P = 5",S4,burst-z-2pois-midp-phi,100,0.6603,0.2471,0.0600,Z > z(1−α/N),0.0000,0.0000,0,0.0000,0.0370,0.0000
"extra: Seasonality A = 0.3, P = 5",S4,silence-z-2pois-midp-phibands,100,0.3423,0.2444,0.0000,−Z > z(1−α/N),0.0034,0.8500,85,0.7672,0.9069,0.0000
"extra: Seasonality A = 0.3, P = 5",S4,burst-z-2pois-midp-phibands,100,0.6577,0.2444,0.0500,Z > z(1−α/N),0.0000,0.0000,0,0.0000,0.0370,0.0000
"extra: Seasonality A = 0.3, P = 5",S4,silence-z-2pois-midp-qhat-phi,100,0.4705,0.2692,0.0100,−Z > z(1−α/N),0.0000,0.0100,1,0.0018,0.0545,0.0000
"extra: Seasonality A = 0.3, P = 5",S4,burst-z-2pois-midp-qhat-phi,100,0.5295,0.2692,0.0100,Z > z(1−α/N),0.0000,0.0200,2,0.0055,0.0700,0.0000
"extra: Seasonality A = 0.3, P = 5",S4,silence-z-2pois-midp-qhat-phibands,100,0.4720,0.2674,0.0100,−Z > z(1−α/N),0.0000,0.0200,2,0.0055,0.0700,0.0000
"extra: Seasonality A = 0.3, P = 5",S4,burst-z-2pois-midp-qhat-phibands,100,0.5280,0.2674,0.0000,Z > z(1−α/N),0.0001,0.0300,3,0.0103,0.0845,0.0000
"extra: Seasonality A = 0.3, P = 5",S5,silence-z-2pois-midp,100,0.0000,0.0000,0.0000,−Z > z(1−α/N),0.0069,0.9500,95,0.8882,0.9785,0.0000
"extra: Seasonality A = 0.3, P = 5",S5,burst-z-2pois-midp,100,1.0000,0.0000,1.0000,Z > z(1−α/N),0.0023,1.0000,100,0.9630,1.0000,1.0000
"extra: Seasonality A = 0.3, P = 5",S5,silence-z-2pois-midp-qhat,100,0.0000,0.0000,0.0000,−Z > z(1−α/N),0.0002,0.1000,10,0.0552,0.1744,0.0000
"extra: Seasonality A = 0.3, P = 5",S5,burst-z-2pois-midp-qhat,100,1.0000,0.0000,1.0000,Z > z(1−α/N),0.0029,1.0000,100,0.9630,1.0000,1.0000
"extra: Seasonality A = 0.3, P = 5",S5,silence-z-2pois-midp-phi,100,0.0000,0.0000,0.0000,−Z > z(1−α/N),0.0043,0.8700,87,0.7902,0.9224,0.0000
"extra: Seasonality A = 0.3, P = 5",S5,burst-z-2pois-midp-phi,100,1.0000,0.0000,1.0000,Z > z(1−α/N),0.0022,1.0000,100,0.9630,1.0000,1.0000
"extra: Seasonality A = 0.3, P = 5",S5,silence-z-2pois-midp-phibands,100,0.0000,0.0000,0.0000,−Z > z(1−α/N),0.0033,0.8400,84,0.7558,0.8990,0.0000
"extra: Seasonality A = 0.3, P = 5",S5,burst-z-2pois-midp-phibands,100,1.0000,0.0000,1.0000,Z > z(1−α/N),0.0021,1.0000,100,0.9630,1.0000,1.0000
"extra: Seasonality A = 0.3, P = 5",S5,silence-z-2pois-midp-qhat-phi,100,0.0000,0.0000,0.0000,−Z > z(1−α/N),0.0001,0.0300,3,0.0103,0.0845,0.0000
"extra: Seasonality A = 0.3, P = 5",S5,burst-z-2pois-midp-qhat-phi,100,1.0000,0.0000,1.0000,Z > z(1−α/N),0.0028,1.0000,100,0.9630,1.0000,1.0000
"extra: Seasonality A = 0.3, P = 5",S5,silence-z-2pois-midp-qhat-phibands,100,0.0000,0.0000,0.0000,−Z > z(1−α/N),0.0000,0.0200,2,0.0055,0.0700,0.0000
"extra: Seasonality A = 0.3, P = 5",S5,burst-z-2pois-midp-qhat-phibands,100,1.0000,0.0000,1.0000,Z > z(1−α/N),0.0027,1.0000,100,0.9630,1.0000,1.0000
extra: Drift σ = 0.05,S0,silence-z-2pois-midp,100,,,,−Z > z(1−α/N),0.0003,0.1400,14,0.0853,0.2214,
extra: Drift σ = 0.05,S0,burst-z-2pois-midp,100,,,,Z > z(1−α/N),0.0003,0.1400,14,0.0853,0.2214,
extra: Drift σ = 0.05,S0,silence-z-2pois-midp-qhat,100,,,,−Z > z(1−α/N),0.0003,0.1500,15,0.0931,0.2328,
extra: Drift σ = 0.05,S0,burst-z-2pois-midp-qhat,100,,,,Z > z(1−α/N),0.0002,0.0900,9,0.0481,0.1623,
extra: Drift σ = 0.05,S0,silence-z-2pois-midp-phi,100,,,,−Z > z(1−α/N),0.0003,0.1400,14,0.0853,0.2214,
extra: Drift σ = 0.05,S0,burst-z-2pois-midp-phi,100,,,,Z > z(1−α/N),0.0003,0.1400,14,0.0853,0.2214,
extra: Drift σ = 0.05,S0,silence-z-2pois-midp-phibands,100,,,,−Z > z(1−α/N),0.0003,0.1400,14,0.0853,0.2214,
extra: Drift σ = 0.05,S0,burst-z-2pois-midp-phibands,100,,,,Z > z(1−α/N),0.0003,0.1400,14,0.0853,0.2214,
extra: Drift σ = 0.05,S0,silence-z-2pois-midp-qhat-phi,100,,,,−Z > z(1−α/N),0.0003,0.1500,15,0.0931,0.2328,
extra: Drift σ = 0.05,S0,burst-z-2pois-midp-qhat-phi,100,,,,Z > z(1−α/N),0.0002,0.0900,9,0.0481,0.1623,
extra: Drift σ = 0.05,S0,silence-z-2pois-midp-qhat-phibands,100,,,,−Z > z(1−α/N),0.0003,0.1500,15,0.0931,0.2328,
extra: Drift σ = 0.05,S0,burst-z-2pois-midp-qhat-phibands,100,,,,Z > z(1−α/N),0.0002,0.0900,9,0.0481,0.1623,
extra: Drift σ = 0.05,S1,silence-z-2pois-midp,100,1.0000,0.0000,1.0000,−Z > z(1−α/N),0.0031,1.0000,100,0.9630,1.0000,1.0000
extra: Drift σ = 0.05,S1,burst-z-2pois-midp,100,0.0000,0.0000,0.0000,Z > z(1−α/N),0.0003,0.1400,14,0.0853,0.2214,0.0000
extra: Drift σ = 0.05,S1,silence-z-2pois-midp-qhat,100,1.0000,0.0000,1.0000,−Z > z(1−α/N),0.0031,1.0000,100,0.9630,1.0000,1.0000
extra: Drift σ = 0.05,S1,burst-z-2pois-midp-qhat,100,0.0000,0.0000,0.0000,Z > z(1−α/N),0.0002,0.1100,11,0.0625,0.1863,0.0000
extra: Drift σ = 0.05,S1,silence-z-2pois-midp-phi,100,1.0000,0.0000,1.0000,−Z > z(1−α/N),0.0031,1.0000,100,0.9630,1.0000,1.0000
extra: Drift σ = 0.05,S1,burst-z-2pois-midp-phi,100,0.0000,0.0000,0.0000,Z > z(1−α/N),0.0003,0.1400,14,0.0853,0.2214,0.0000
extra: Drift σ = 0.05,S1,silence-z-2pois-midp-phibands,100,1.0000,0.0000,1.0000,−Z > z(1−α/N),0.0031,1.0000,100,0.9630,1.0000,1.0000
extra: Drift σ = 0.05,S1,burst-z-2pois-midp-phibands,100,0.0000,0.0000,0.0000,Z > z(1−α/N),0.0003,0.1400,14,0.0853,0.2214,0.0000
extra: Drift σ = 0.05,S1,silence-z-2pois-midp-qhat-phi,100,1.0000,0.0000,1.0000,−Z > z(1−α/N),0.0031,1.0000,100,0.9630,1.0000,1.0000
extra: Drift σ = 0.05,S1,burst-z-2pois-midp-qhat-phi,100,0.0000,0.0000,0.0000,Z > z(1−α/N),0.0002,0.1100,11,0.0625,0.1863,0.0000
extra: Drift σ = 0.05,S1,silence-z-2pois-midp-qhat-phibands,100,1.0000,0.0000,1.0000,−Z > z(1−α/N),0.0031,1.0000,100,0.9630,1.0000,1.0000
extra: Drift σ = 0.05,S1,burst-z-2pois-midp-qhat-phibands,100,0.0000,0.0000,0.0000,Z > z(1−α/N),0.0002,0.1100,11,0.0625,0.1863,0.0000
extra: Drift σ = 0.05,S2,silence-z-2pois-midp,100,1.0000,0.0000,1.0000,−Z > z(1−α/N),0.0024,0.9900,99,0.9455,0.9982,0.9900
extra: Drift σ = 0.05,S2,burst-z-2pois-midp,100,0.0000,0.0000,0.0000,Z > z(1−α/N),0.0003,0.1400,14,0.0853,0.2214,0.0000
extra: Drift σ = 0.05,S2,silence-z-2pois-midp-qhat,100,1.0000,0.0000,1.0000,−Z > z(1−α/N),0.0024,0.9900,99,0.9455,0.9982,0.9900
extra: Drift σ = 0.05,S2,burst-z-2pois-midp-qhat,100,0.0000,0.0000,0.0000,Z > z(1−α/N),0.0002,0.0900,9,0.0481,0.1623,0.0000
extra: Drift σ = 0.05,S2,silence-z-2pois-midp-phi,100,1.0000,0.0000,1.0000,−Z > z(1−α/N),0.0024,0.9900,99,0.9455,0.9982,0.9900
extra: Drift σ = 0.05,S2,burst-z-2pois-midp-phi,100,0.0000,0.0000,0.0000,Z > z(1−α/N),0.0003,0.1400,14,0.0853,0.2214,0.0000
extra: Drift σ = 0.05,S2,silence-z-2pois-midp-phibands,100,1.0000,0.0000,1.0000,−Z > z(1−α/N),0.0024,0.9900,99,0.9455,0.9982,0.9900
extra: Drift σ = 0.05,S2,burst-z-2pois-midp-phibands,100,0.0000,0.0000,0.0000,Z > z(1−α/N),0.0003,0.1400,14,0.0853,0.2214,0.0000
extra: Drift σ = 0.05,S2,silence-z-2pois-midp-qhat-phi,100,1.0000,0.0000,1.0000,−Z > z(1−α/N),0.0024,0.9900,99,0.9455,0.9982,0.9900
extra: Drift σ = 0.05,S2,burst-z-2pois-midp-qhat-phi,100,0.0000,0.0000,0.0000,Z > z(1−α/N),0.0002,0.0900,9,0.0481,0.1623,0.0000
extra: Drift σ = 0.05,S2,silence-z-2pois-midp-qhat-phibands,100,1.0000,0.0000,1.0000,−Z > z(1−α/N),0.0024,0.9900,99,0.9455,0.9982,0.9900
extra: Drift σ = 0.05,S2,burst-z-2pois-midp-qhat-phibands,100,0.0000,0.0000,0.0000,Z > z(1−α/N),0.0002,0.0900,9,0.0481,0.1623,0.0000
extra: Drift σ = 0.05,S3,silence-z-2pois-midp,100,0.9998,0.0014,1.0000,−Z > z(1−α/N),0.0024,0.9900,99,0.9455,0.9982,0.9900
extra: Drift σ = 0.05,S3,burst-z-2pois-midp,100,0.0002,0.0014,0.0000,Z > z(1−α/N),0.0003,0.1400,14,0.0853,0.2214,0.0000
extra: Drift σ = 0.05,S3,silence-z-2pois-midp-qhat,100,0.9998,0.0016,1.0000,−Z > z(1−α/N),0.0024,0.9900,99,0.9455,0.9982,0.9900
extra: Drift σ = 0.05,S3,burst-z-2pois-midp-qhat,100,0.0002,0.0016,0.0000,Z > z(1−α/N),0.0002,0.1000,10,0.0552,0.1744,0.0000
extra: Drift σ = 0.05,S3,silence-z-2pois-midp-phi,100,0.9998,0.0014,1.0000,−Z > z(1−α/N),0.0024,0.9900,99,0.9455,0.9982,0.9900
extra: Drift σ = 0.05,S3,burst-z-2pois-midp-phi,100,0.0002,0.0014,0.0000,Z > z(1−α/N),0.0003,0.1400,14,0.0853,0.2214,0.0000
extra: Drift σ = 0.05,S3,silence-z-2pois-midp-phibands,100,0.9998,0.0014,1.0000,−Z > z(1−α/N),0.0024,0.9900,99,0.9455,0.9982,0.9900
extra: Drift σ = 0.05,S3,burst-z-2pois-midp-phibands,100,0.0002,0.0014,0.0000,Z > z(1−α/N),0.0003,0.1400,14,0.0853,0.2214,0.0000
extra: Drift σ = 0.05,S3,silence-z-2pois-midp-qhat-phi,100,0.9998,0.0016,1.0000,−Z > z(1−α/N),0.0024,0.9900,99,0.9455,0.9982,0.9900
extra: Drift σ = 0.05,S3,burst-z-2pois-midp-qhat-phi,100,0.0002,0.0016,0.0000,Z > z(1−α/N),0.0002,0.1000,10,0.0552,0.1744,0.0000
extra: Drift σ = 0.05,S3,silence-z-2pois-midp-qhat-phibands,100,0.9998,0.0016,1.0000,−Z > z(1−α/N),0.0024,0.9900,99,0.9455,0.9982,0.9900
extra: Drift σ = 0.05,S3,burst-z-2pois-midp-qhat-phibands,100,0.0002,0.0016,0.0000,Z > z(1−α/N),0.0002,0.1000,10,0.0552,0.1744,0.0000
extra: Drift σ = 0.05,S4,silence-z-2pois-midp,100,0.4985,0.2744,0.0100,−Z > z(1−α/N),0.0003,0.1400,14,0.0853,0.2214,0.0000
extra: Drift σ = 0.05,S4,burst-z-2pois-midp,100,0.5015,0.2744,0.0100,Z > z(1−α/N),0.0003,0.1400,14,0.0853,0.2214,0.0000
extra: Drift σ = 0.05,S4,silence-z-2pois-midp-qhat,100,0.4874,0.2751,0.0100,−Z > z(1−α/N),0.0003,0.1500,15,0.0931,0.2328,0.0000
extra: Drift σ = 0.05,S4,burst-z-2pois-midp-qhat,100,0.5126,0.2751,0.0100,Z > z(1−α/N),0.0002,0.0900,9,0.0481,0.1623,0.0000
extra: Drift σ = 0.05,S4,silence-z-2pois-midp-phi,100,0.4985,0.2744,0.0100,−Z > z(1−α/N),0.0003,0.1400,14,0.0853,0.2214,0.0000
extra: Drift σ = 0.05,S4,burst-z-2pois-midp-phi,100,0.5015,0.2744,0.0100,Z > z(1−α/N),0.0003,0.1400,14,0.0853,0.2214,0.0000
extra: Drift σ = 0.05,S4,silence-z-2pois-midp-phibands,100,0.4985,0.2744,0.0100,−Z > z(1−α/N),0.0003,0.1400,14,0.0853,0.2214,0.0000
extra: Drift σ = 0.05,S4,burst-z-2pois-midp-phibands,100,0.5015,0.2744,0.0100,Z > z(1−α/N),0.0003,0.1400,14,0.0853,0.2214,0.0000
extra: Drift σ = 0.05,S4,silence-z-2pois-midp-qhat-phi,100,0.4874,0.2751,0.0100,−Z > z(1−α/N),0.0003,0.1500,15,0.0931,0.2328,0.0000
extra: Drift σ = 0.05,S4,burst-z-2pois-midp-qhat-phi,100,0.5126,0.2751,0.0100,Z > z(1−α/N),0.0002,0.0900,9,0.0481,0.1623,0.0000
extra: Drift σ = 0.05,S4,silence-z-2pois-midp-qhat-phibands,100,0.4876,0.2751,0.0100,−Z > z(1−α/N),0.0003,0.1500,15,0.0931,0.2328,0.0000
extra: Drift σ = 0.05,S4,burst-z-2pois-midp-qhat-phibands,100,0.5124,0.2751,0.0100,Z > z(1−α/N),0.0002,0.0900,9,0.0481,0.1623,0.0000
extra: Drift σ = 0.05,S5,silence-z-2pois-midp,100,0.0000,0.0000,0.0000,−Z > z(1−α/N),0.0003,0.1300,13,0.0776,0.2098,0.0000
extra: Drift σ = 0.05,S5,burst-z-2pois-midp,100,1.0000,0.0000,1.0000,Z > z(1−α/N),0.0033,1.0000,100,0.9630,1.0000,1.0000
extra: Drift σ = 0.05,S5,silence-z-2pois-midp-qhat,100,0.0000,0.0000,0.0000,−Z > z(1−α/N),0.0004,0.1800,18,0.1170,0.2667,0.0000
extra: Drift σ = 0.05,S5,burst-z-2pois-midp-qhat,100,1.0000,0.0000,1.0000,Z > z(1−α/N),0.0031,1.0000,100,0.9630,1.0000,1.0000
extra: Drift σ = 0.05,S5,silence-z-2pois-midp-phi,100,0.0000,0.0000,0.0000,−Z > z(1−α/N),0.0003,0.1300,13,0.0776,0.2098,0.0000
extra: Drift σ = 0.05,S5,burst-z-2pois-midp-phi,100,1.0000,0.0000,1.0000,Z > z(1−α/N),0.0033,1.0000,100,0.9630,1.0000,1.0000
extra: Drift σ = 0.05,S5,silence-z-2pois-midp-phibands,100,0.0000,0.0000,0.0000,−Z > z(1−α/N),0.0003,0.1300,13,0.0776,0.2098,0.0000
extra: Drift σ = 0.05,S5,burst-z-2pois-midp-phibands,100,1.0000,0.0000,1.0000,Z > z(1−α/N),0.0033,1.0000,100,0.9630,1.0000,1.0000
extra: Drift σ = 0.05,S5,silence-z-2pois-midp-qhat-phi,100,0.0000,0.0000,0.0000,−Z > z(1−α/N),0.0004,0.1800,18,0.1170,0.2667,0.0000
extra: Drift σ = 0.05,S5,burst-z-2pois-midp-qhat-phi,100,1.0000,0.0000,1.0000,Z > z(1−α/N),0.0031,1.0000,100,0.9630,1.0000,1.0000
extra: Drift σ = 0.05,S5,silence-z-2pois-midp-qhat-phibands,100,0.0000,0.0000,0.0000,−Z > z(1−α/N),0.0004,0.1700,17,0.1089,0.2555,0.0000
extra: Drift σ = 0.05,S5,burst-z-2pois-midp-qhat-phibands,100,1.0000,0.0000,1.0000,Z > z(1−α/N),0.0031,1.0000,100,0.9630,1.0000,1.0000
extra: Drift σ = 0.15,S0,silence-z-2pois-midp,100,,,,−Z > z(1−α/N),0.0031,0.7500,75,0.6570,0.8245,
extra: Drift σ = 0.15,S0,burst-z-2pois-midp,100,,,,Z > z(1−α/N),0.0203,1.0000,100,0.9630,1.0000,
extra: Drift σ = 0.15,S0,silence-z-2pois-midp-qhat,100,,,,−Z > z(1−α/N),0.0122,1.0000,100,0.9630,1.0000,
extra: Drift σ = 0.15,S0,burst-z-2pois-midp-qhat,100,,,,Z > z(1−α/N),0.0064,0.9800,98,0.9300,0.9945,
extra: Drift σ = 0.15,S0,silence-z-2pois-midp-phi,100,,,,−Z > z(1−α/N),0.0024,0.6600,66,0.5628,0.7454,
extra: Drift σ = 0.15,S0,burst-z-2pois-midp-phi,100,,,,Z > z(1−α/N),0.0172,1.0000,100,0.9630,1.0000,
extra: Drift σ = 0.15,S0,silence-z-2pois-midp-phibands,100,,,,−Z > z(1−α/N),0.0018,0.5600,56,0.4623,0.6533,
extra: Drift σ = 0.15,S0,burst-z-2pois-midp-phibands,100,,,,Z > z(1−α/N),0.0130,1.0000,100,0.9630,1.0000,
extra: Drift σ = 0.15,S0,silence-z-2pois-midp-qhat-phi,100,,,,−Z > z(1−α/N),0.0103,1.0000,100,0.9630,1.0000,
extra: Drift σ = 0.15,S0,burst-z-2pois-midp-qhat-phi,100,,,,Z > z(1−α/N),0.0056,0.9600,96,0.9016,0.9843,
extra: Drift σ = 0.15,S0,silence-z-2pois-midp-qhat-phibands,100,,,,−Z > z(1−α/N),0.0079,0.9900,99,0.9455,0.9982,
extra: Drift σ = 0.15,S0,burst-z-2pois-midp-qhat-phibands,100,,,,Z > z(1−α/N),0.0040,0.9000,90,0.8256,0.9448,
extra: Drift σ = 0.15,S1,silence-z-2pois-midp,100,1.0000,0.0000,1.0000,−Z > z(1−α/N),0.0061,1.0000,100,0.9630,1.0000,1.0000
extra: Drift σ = 0.15,S1,burst-z-2pois-midp,100,0.0000,0.0000,0.0000,Z > z(1−α/N),0.0201,1.0000,100,0.9630,1.0000,0.0000
extra: Drift σ = 0.15,S1,silence-z-2pois-midp-qhat,100,1.0000,0.0000,1.0000,−Z > z(1−α/N),0.0154,1.0000,100,0.9630,1.0000,1.0000
extra: Drift σ = 0.15,S1,burst-z-2pois-midp-qhat,100,0.0000,0.0000,0.0000,Z > z(1−α/N),0.0067,0.9800,98,0.9300,0.9945,0.0000
extra: Drift σ = 0.15,S1,silence-z-2pois-midp-phi,100,1.0000,0.0000,1.0000,−Z > z(1−α/N),0.0054,1.0000,100,0.9630,1.0000,1.0000
extra: Drift σ = 0.15,S1,burst-z-2pois-midp-phi,100,0.0000,0.0000,0.0000,Z > z(1−α/N),0.0170,1.0000,100,0.9630,1.0000,0.0000
extra: Drift σ = 0.15,S1,silence-z-2pois-midp-phibands,100,1.0000,0.0000,1.0000,−Z > z(1−α/N),0.0046,1.0000,100,0.9630,1.0000,1.0000
extra: Drift σ = 0.15,S1,burst-z-2pois-midp-phibands,100,0.0000,0.0000,0.0000,Z > z(1−α/N),0.0128,1.0000,100,0.9630,1.0000,0.0000
extra: Drift σ = 0.15,S1,silence-z-2pois-midp-qhat-phi,100,1.0000,0.0000,1.0000,−Z > z(1−α/N),0.0136,1.0000,100,0.9630,1.0000,1.0000
extra: Drift σ = 0.15,S1,burst-z-2pois-midp-qhat-phi,100,0.0000,0.0000,0.0000,Z > z(1−α/N),0.0058,0.9600,96,0.9016,0.9843,0.0000
extra: Drift σ = 0.15,S1,silence-z-2pois-midp-qhat-phibands,100,1.0000,0.0000,1.0000,−Z > z(1−α/N),0.0110,1.0000,100,0.9630,1.0000,1.0000
extra: Drift σ = 0.15,S1,burst-z-2pois-midp-qhat-phibands,100,0.0000,0.0000,0.0000,Z > z(1−α/N),0.0042,0.9200,92,0.8500,0.9589,0.0000
extra: Drift σ = 0.15,S2,silence-z-2pois-midp,100,1.0000,0.0004,1.0000,−Z > z(1−α/N),0.0053,1.0000,100,0.9630,1.0000,1.0000
extra: Drift σ = 0.15,S2,burst-z-2pois-midp,100,0.0000,0.0004,0.0000,Z > z(1−α/N),0.0201,1.0000,100,0.9630,1.0000,0.0000
extra: Drift σ = 0.15,S2,silence-z-2pois-midp-qhat,100,1.0000,0.0004,1.0000,−Z > z(1−α/N),0.0144,1.0000,100,0.9630,1.0000,1.0000
extra: Drift σ = 0.15,S2,burst-z-2pois-midp-qhat,100,0.0000,0.0004,0.0000,Z > z(1−α/N),0.0066,0.9800,98,0.9300,0.9945,0.0000
extra: Drift σ = 0.15,S2,silence-z-2pois-midp-phi,100,1.0000,0.0004,1.0000,−Z > z(1−α/N),0.0046,1.0000,100,0.9630,1.0000,1.0000
extra: Drift σ = 0.15,S2,burst-z-2pois-midp-phi,100,0.0000,0.0004,0.0000,Z > z(1−α/N),0.0170,1.0000,100,0.9630,1.0000,0.0000
extra: Drift σ = 0.15,S2,silence-z-2pois-midp-phibands,100,1.0000,0.0002,1.0000,−Z > z(1−α/N),0.0038,1.0000,100,0.9630,1.0000,1.0000
extra: Drift σ = 0.15,S2,burst-z-2pois-midp-phibands,100,0.0000,0.0002,0.0000,Z > z(1−α/N),0.0129,1.0000,100,0.9630,1.0000,0.0000
extra: Drift σ = 0.15,S2,silence-z-2pois-midp-qhat-phi,100,1.0000,0.0004,1.0000,−Z > z(1−α/N),0.0126,1.0000,100,0.9630,1.0000,1.0000
extra: Drift σ = 0.15,S2,burst-z-2pois-midp-qhat-phi,100,0.0000,0.0004,0.0000,Z > z(1−α/N),0.0057,0.9600,96,0.9016,0.9843,0.0000
extra: Drift σ = 0.15,S2,silence-z-2pois-midp-qhat-phibands,100,1.0000,0.0003,1.0000,−Z > z(1−α/N),0.0101,1.0000,100,0.9630,1.0000,1.0000
extra: Drift σ = 0.15,S2,burst-z-2pois-midp-qhat-phibands,100,0.0000,0.0003,0.0000,Z > z(1−α/N),0.0041,0.9200,92,0.8500,0.9589,0.0000
extra: Drift σ = 0.15,S3,silence-z-2pois-midp,100,0.9996,0.0032,0.9900,−Z > z(1−α/N),0.0051,1.0000,100,0.9630,1.0000,0.9900
extra: Drift σ = 0.15,S3,burst-z-2pois-midp,100,0.0004,0.0032,0.0000,Z > z(1−α/N),0.0200,1.0000,100,0.9630,1.0000,0.0000
extra: Drift σ = 0.15,S3,silence-z-2pois-midp-qhat,100,0.9992,0.0066,0.9900,−Z > z(1−α/N),0.0143,1.0000,100,0.9630,1.0000,0.9900
extra: Drift σ = 0.15,S3,burst-z-2pois-midp-qhat,100,0.0008,0.0066,0.0000,Z > z(1−α/N),0.0065,0.9900,99,0.9455,0.9982,0.0000
extra: Drift σ = 0.15,S3,silence-z-2pois-midp-phi,100,0.9996,0.0032,0.9900,−Z > z(1−α/N),0.0045,1.0000,100,0.9630,1.0000,0.9900
extra: Drift σ = 0.15,S3,burst-z-2pois-midp-phi,100,0.0004,0.0032,0.0000,Z > z(1−α/N),0.0170,1.0000,100,0.9630,1.0000,0.0000
extra: Drift σ = 0.15,S3,silence-z-2pois-midp-phibands,100,0.9997,0.0030,0.9900,−Z > z(1−α/N),0.0038,0.9900,99,0.9455,0.9982,0.9900
extra: Drift σ = 0.15,S3,burst-z-2pois-midp-phibands,100,0.0003,0.0030,0.0000,Z > z(1−α/N),0.0129,1.0000,100,0.9630,1.0000,0.0000
extra: Drift σ = 0.15,S3,silence-z-2pois-midp-qhat-phi,100,0.9992,0.0066,0.9900,−Z > z(1−α/N),0.0125,1.0000,100,0.9630,1.0000,0.9900
extra: Drift σ = 0.15,S3,burst-z-2pois-midp-qhat-phi,100,0.0008,0.0066,0.0000,Z > z(1−α/N),0.0057,0.9600,96,0.9016,0.9843,0.0000
extra: Drift σ = 0.15,S3,silence-z-2pois-midp-qhat-phibands,100,0.9994,0.0054,0.9900,−Z > z(1−α/N),0.0100,1.0000,100,0.9630,1.0000,0.9900
extra: Drift σ = 0.15,S3,burst-z-2pois-midp-qhat-phibands,100,0.0006,0.0054,0.0000,Z > z(1−α/N),0.0041,0.9100,91,0.8377,0.9519,0.0000
extra: Drift σ = 0.15,S4,silence-z-2pois-midp,100,0.5371,0.2994,0.0200,−Z > z(1−α/N),0.0031,0.7500,75,0.6570,0.8245,0.0000
extra: Drift σ = 0.15,S4,burst-z-2pois-midp,100,0.4629,0.2994,0.0700,Z > z(1−α/N),0.0203,1.0000,100,0.9630,1.0000,0.0600
extra: Drift σ = 0.15,S4,silence-z-2pois-midp-qhat,100,0.4762,0.2962,0.0100,−Z > z(1−α/N),0.0122,1.0000,100,0.9630,1.0000,0.0000
extra: Drift σ = 0.15,S4,burst-z-2pois-midp-qhat,100,0.5238,0.2962,0.0700,Z > z(1−α/N),0.0064,0.9800,98,0.9300,0.9945,0.0400
extra: Drift σ = 0.15,S4,silence-z-2pois-midp-phi,100,0.5371,0.2994,0.0200,−Z > z(1−α/N),0.0024,0.6600,66,0.5628,0.7454,0.0000
extra: Drift σ = 0.15,S4,burst-z-2pois-midp-phi,100,0.4629,0.2994,0.0700,Z > z(1−α/N),0.0172,1.0000,100,0.9630,1.0000,0.0600
extra: Drift σ = 0.15,S4,silence-z-2pois-midp-phibands,100,0.5375,0.3002,0.0300,−Z > z(1−α/N),0.0018,0.5600,56,0.4623,0.6533,0.0000
extra: Drift σ = 0.15,S4,burst-z-2pois-midp-phibands,100,0.4625,0.3002,0.0500,Z > z(1−α/N),0.0130,1.0000,100,0.9630,1.0000,0.0400
extra: Drift σ = 0.15,S4,silence-z-2pois-midp-qhat-phi,100,0.4762,0.2962,0.0100,−Z > z(1−α/N),0.0103,1.0000,100,0.9630,1.0000,0.0000
extra: Drift σ = 0.15,S4,burst-z-2pois-midp-qhat-phi,100,0.5238,0.2962,0.0700,Z > z(1−α/N),0.0056,0.9600,96,0.9016,0.9843,0.0400
extra: Drift σ = 0.15,S4,silence-z-2pois-midp-qhat-phibands,100,0.4772,0.2966,0.0200,−Z > z(1−α/N),0.0079,0.9900,99,0.9455,0.9982,0.0000
extra: Drift σ = 0.15,S4,burst-z-2pois-midp-qhat-phibands,100,0.5228,0.2966,0.0500,Z > z(1−α/N),0.0040,0.9000,90,0.8256,0.9448,0.0400
extra: Drift σ = 0.15,S5,silence-z-2pois-midp,100,0.0000,0.0002,0.0000,−Z > z(1−α/N),0.0031,0.7500,75,0.6570,0.8245,0.0000
extra: Drift σ = 0.15,S5,burst-z-2pois-midp,100,1.0000,0.0002,1.0000,Z > z(1−α/N),0.0242,1.0000,100,0.9630,1.0000,1.0000
extra: Drift σ = 0.15,S5,silence-z-2pois-midp-qhat,100,0.0000,0.0002,0.0000,−Z > z(1−α/N),0.0136,1.0000,100,0.9630,1.0000,0.0000
extra: Drift σ = 0.15,S5,burst-z-2pois-midp-qhat,100,1.0000,0.0002,1.0000,Z > z(1−α/N),0.0090,1.0000,100,0.9630,1.0000,1.0000
extra: Drift σ = 0.15,S5,silence-z-2pois-midp-phi,100,0.0000,0.0002,0.0000,−Z > z(1−α/N),0.0024,0.6600,66,0.5628,0.7454,0.0000
extra: Drift σ = 0.15,S5,burst-z-2pois-midp-phi,100,1.0000,0.0002,1.0000,Z > z(1−α/N),0.0210,1.0000,100,0.9630,1.0000,1.0000
extra: Drift σ = 0.15,S5,silence-z-2pois-midp-phibands,100,0.0000,0.0002,0.0000,−Z > z(1−α/N),0.0018,0.5600,56,0.4623,0.6533,0.0000
extra: Drift σ = 0.15,S5,burst-z-2pois-midp-phibands,100,1.0000,0.0002,1.0000,Z > z(1−α/N),0.0166,1.0000,100,0.9630,1.0000,1.0000
extra: Drift σ = 0.15,S5,silence-z-2pois-midp-qhat-phi,100,0.0000,0.0002,0.0000,−Z > z(1−α/N),0.0112,1.0000,100,0.9630,1.0000,0.0000
extra: Drift σ = 0.15,S5,burst-z-2pois-midp-qhat-phi,100,1.0000,0.0002,1.0000,Z > z(1−α/N),0.0082,1.0000,100,0.9630,1.0000,1.0000
extra: Drift σ = 0.15,S5,silence-z-2pois-midp-qhat-phibands,100,0.0000,0.0002,0.0000,−Z > z(1−α/N),0.0091,0.9900,99,0.9455,0.9982,0.0000
extra: Drift σ = 0.15,S5,burst-z-2pois-midp-qhat-phibands,100,1.0000,0.0002,1.0000,Z > z(1−α/N),0.0064,1.0000,100,0.9630,1.0000,1.0000
